Method,Time (ms),Memory (KiB),File Size (KiB),Offset (KiB),Insert Size (KiB),Chunk Size (KiB)
unbuffered,1.931394,100.000,100.000,4.000,4.000,4.000
buffered,2.034723,8.000,100.000,4.000,4.000,4.000
fallocate,1.569429,4.000,100.000,4.000,4.000,4.000
smartfiles,1.676576,4.000,100.000,4.000,4.000,4.000
unbuffered,1.446076,100.000,100.000,4.000,4.000,4.000
buffered,1.313505,8.000,100.000,4.000,4.000,4.000
fallocate,1.163013,4.000,100.000,4.000,4.000,4.000
smartfiles,1.641765,4.000,100.000,4.000,4.000,4.000
unbuffered,1.620198,100.000,100.000,4.000,4.000,4.000
buffered,1.587566,8.000,100.000,4.000,4.000,4.000
fallocate,1.196619,4.000,100.000,4.000,4.000,4.000
smartfiles,1.798986,4.000,100.000,4.000,4.000,4.000
unbuffered,1.789222,104.000,100.000,4.000,8.000,4.000
buffered,1.506210,12.000,100.000,4.000,8.000,4.000
fallocate,1.475552,8.000,100.000,4.000,8.000,4.000
smartfiles,1.635491,8.000,100.000,4.000,8.000,4.000
unbuffered,1.443723,192.000,100.000,4.000,96.000,4.000
buffered,1.786571,100.000,100.000,4.000,96.000,4.000
fallocate,1.534941,96.000,100.000,4.000,96.000,4.000
smartfiles,2.620382,96.000,100.000,4.000,96.000,4.000
unbuffered,4.501529,1076.000,100.000,4.000,980.000,4.000
buffered,4.180740,984.000,100.000,4.000,980.000,4.000
fallocate,4.371876,980.000,100.000,4.000,980.000,4.000
smartfiles,12.469955,980.000,100.000,4.000,980.000,4.000
unbuffered,34.101508,9864.000,100.000,4.000,9768.000,4.000
buffered,21.034130,9772.000,100.000,4.000,9768.000,4.000
fallocate,20.587437,9768.000,100.000,4.000,9768.000,4.000
smartfiles,114.990453,9768.000,100.000,4.000,9768.000,4.000
unbuffered,176.610344,97756.000,100.000,4.000,97660.000,4.000
buffered,183.357901,97664.000,100.000,4.000,97660.000,4.000
fallocate,174.268633,97660.000,100.000,4.000,97660.000,4.000
smartfiles,1502.118794,97660.000,100.000,4.000,97660.000,4.000
unbuffered,1725.612966,976672.000,100.000,4.000,976576.000,4.000
buffered,1744.670400,976580.000,100.000,4.000,976576.000,4.000
fallocate,1763.532024,976576.000,100.000,4.000,976576.000,4.000
smartfiles,18584.263349,976576.000,100.000,4.000,976576.000,4.000
unbuffered,2.053622,100.000,100.000,4.000,4.000,4.000
buffered,1.742517,8.000,100.000,4.000,4.000,4.000
fallocate,2.026984,4.000,100.000,4.000,4.000,4.000
smartfiles,16.487848,4.000,100.000,4.000,4.000,4.000
unbuffered,1.542818,100.000,100.000,4.000,4.000,4.000
buffered,2.011733,8.000,100.000,4.000,4.000,4.000
fallocate,1.555828,4.000,100.000,4.000,4.000,4.000
smartfiles,1.820870,4.000,100.000,4.000,4.000,4.000
unbuffered,1.787078,100.000,100.000,4.000,4.000,4.000
buffered,1.501155,8.000,100.000,4.000,4.000,4.000
fallocate,1.373290,4.000,100.000,4.000,4.000,4.000
smartfiles,15.763783,4.000,100.000,4.000,4.000,4.000
unbuffered,1.618414,104.000,100.000,4.000,8.000,4.000
buffered,2.026415,12.000,100.000,4.000,8.000,4.000
fallocate,1.268396,8.000,100.000,4.000,8.000,4.000
smartfiles,1.718320,8.000,100.000,4.000,8.000,4.000
unbuffered,2.040766,192.000,100.000,4.000,96.000,4.000
buffered,16.136732,100.000,100.000,4.000,96.000,4.000
fallocate,1.798195,96.000,100.000,4.000,96.000,4.000
smartfiles,3.338152,96.000,100.000,4.000,96.000,4.000
unbuffered,19.756188,1076.000,100.000,4.000,980.000,4.000
buffered,19.614235,984.000,100.000,4.000,980.000,4.000
fallocate,23.047421,980.000,100.000,4.000,980.000,4.000
smartfiles,58.832980,980.000,100.000,4.000,980.000,4.000
unbuffered,171.340027,9864.000,100.000,4.000,9768.000,4.000
buffered,177.162540,9772.000,100.000,4.000,9768.000,4.000
fallocate,164.569295,9768.000,100.000,4.000,9768.000,4.000
smartfiles,474.509547,9768.000,100.000,4.000,9768.000,4.000
unbuffered,1736.083676,97756.000,100.000,4.000,97660.000,4.000
buffered,2032.488882,97664.000,100.000,4.000,97660.000,4.000
fallocate,1707.796761,97660.000,100.000,4.000,97660.000,4.000
smartfiles,5433.197378,97660.000,100.000,4.000,97660.000,4.000
unbuffered,1753.401576,976672.000,100.000,4.000,976576.000,4.000
buffered,7880.685246,976580.000,100.000,4.000,976576.000,4.000
fallocate,6187.826002,976576.000,100.000,4.000,976576.000,4.000
smartfiles,25220.853716,976576.000,100.000,4.000,976576.000,4.000
unbuffered,2.002885,96.000,100.000,8.000,4.000,4.000
buffered,1.423190,8.000,100.000,8.000,4.000,4.000
fallocate,1.389182,4.000,100.000,8.000,4.000,4.000
smartfiles,2.101473,4.000,100.000,8.000,4.000,4.000
unbuffered,16.295685,96.000,100.000,8.000,4.000,4.000
buffered,1.929143,8.000,100.000,8.000,4.000,4.000
fallocate,1.532804,4.000,100.000,8.000,4.000,4.000
smartfiles,2.184985,4.000,100.000,8.000,4.000,4.000
unbuffered,1.615222,96.000,100.000,8.000,4.000,4.000
buffered,1.565634,8.000,100.000,8.000,4.000,4.000
fallocate,1.522428,4.000,100.000,8.000,4.000,4.000
smartfiles,2.709873,4.000,100.000,8.000,4.000,4.000
unbuffered,15.679351,100.000,100.000,8.000,8.000,4.000
buffered,1.774207,12.000,100.000,8.000,8.000,4.000
fallocate,1.539029,8.000,100.000,8.000,8.000,4.000
smartfiles,1.843146,8.000,100.000,8.000,8.000,4.000
unbuffered,6.262743,188.000,100.000,8.000,96.000,4.000
buffered,19.117397,100.000,100.000,8.000,96.000,4.000
fallocate,5.425977,96.000,100.000,8.000,96.000,4.000
smartfiles,3.099463,96.000,100.000,8.000,96.000,4.000
unbuffered,23.833233,1072.000,100.000,8.000,980.000,4.000
buffered,32.896844,984.000,100.000,8.000,980.000,4.000
fallocate,19.564540,980.000,100.000,8.000,980.000,4.000
smartfiles,44.503289,980.000,100.000,8.000,980.000,4.000
unbuffered,161.391904,9860.000,100.000,8.000,9768.000,4.000
buffered,168.581049,9772.000,100.000,8.000,9768.000,4.000
fallocate,173.033433,9768.000,100.000,8.000,9768.000,4.000
smartfiles,463.818486,9768.000,100.000,8.000,9768.000,4.000
unbuffered,1700.136532,97752.000,100.000,8.000,97660.000,4.000
buffered,1764.866397,97664.000,100.000,8.000,97660.000,4.000
fallocate,203.619971,97660.000,100.000,8.000,97660.000,4.000
smartfiles,1569.283578,97660.000,100.000,8.000,97660.000,4.000
unbuffered,8638.367789,976668.000,100.000,8.000,976576.000,4.000
buffered,4926.210817,976580.000,100.000,8.000,976576.000,4.000
fallocate,9271.584666,976576.000,100.000,8.000,976576.000,4.000
smartfiles,27183.329066,976576.000,100.000,8.000,976576.000,4.000
unbuffered,1.240762,8.000,100.000,96.000,4.000,4.000
buffered,1.091543,8.000,100.000,96.000,4.000,4.000
fallocate,1.212300,4.000,100.000,96.000,4.000,4.000
smartfiles,1.955002,4.000,100.000,96.000,4.000,4.000
unbuffered,1.352013,8.000,100.000,96.000,4.000,4.000
buffered,1.143340,8.000,100.000,96.000,4.000,4.000
fallocate,1.470989,4.000,100.000,96.000,4.000,4.000
smartfiles,1.635258,4.000,100.000,96.000,4.000,4.000
unbuffered,1.667504,8.000,100.000,96.000,4.000,4.000
buffered,1.201836,8.000,100.000,96.000,4.000,4.000
fallocate,1.243617,4.000,100.000,96.000,4.000,4.000
smartfiles,1.173298,4.000,100.000,96.000,4.000,4.000
unbuffered,1.305079,12.000,100.000,96.000,8.000,4.000
buffered,1.229739,12.000,100.000,96.000,8.000,4.000
fallocate,2.267899,8.000,100.000,96.000,8.000,4.000
smartfiles,1.622703,8.000,100.000,96.000,8.000,4.000
unbuffered,1.543461,100.000,100.000,96.000,96.000,4.000
buffered,1.355296,100.000,100.000,96.000,96.000,4.000
fallocate,1.380206,96.000,100.000,96.000,96.000,4.000
smartfiles,2.294237,96.000,100.000,96.000,96.000,4.000
unbuffered,3.823573,984.000,100.000,96.000,980.000,4.000
buffered,3.892830,984.000,100.000,96.000,980.000,4.000
fallocate,3.979222,980.000,100.000,96.000,980.000,4.000
smartfiles,12.723429,980.000,100.000,96.000,980.000,4.000
unbuffered,19.590317,9772.000,100.000,96.000,9768.000,4.000
buffered,21.321170,9772.000,100.000,96.000,9768.000,4.000
fallocate,20.056760,9768.000,100.000,96.000,9768.000,4.000
smartfiles,115.638943,9768.000,100.000,96.000,9768.000,4.000
unbuffered,406.902027,97664.000,100.000,96.000,97660.000,4.000
buffered,1614.879184,97664.000,100.000,96.000,97660.000,4.000
fallocate,1728.209357,97660.000,100.000,96.000,97660.000,4.000
smartfiles,5451.736709,97660.000,100.000,96.000,97660.000,4.000
unbuffered,1737.933884,976580.000,100.000,96.000,976576.000,4.000
buffered,10799.995505,976580.000,100.000,96.000,976576.000,4.000
fallocate,1732.171683,976576.000,100.000,96.000,976576.000,4.000
smartfiles,30207.038003,976576.000,100.000,96.000,976576.000,4.000
unbuffered,3.378265,488.000,488.000,4.000,4.000,4.000
buffered,17.782207,8.000,488.000,4.000,4.000,4.000
fallocate,1.793984,4.000,488.000,4.000,4.000,4.000
smartfiles,2.533928,4.000,488.000,4.000,4.000,4.000
unbuffered,18.138623,488.000,488.000,4.000,4.000,4.000
buffered,3.220089,8.000,488.000,4.000,4.000,4.000
fallocate,1.957476,4.000,488.000,4.000,4.000,4.000
smartfiles,2.350045,4.000,488.000,4.000,4.000,4.000
unbuffered,18.428090,488.000,488.000,4.000,4.000,4.000
buffered,16.424358,8.000,488.000,4.000,4.000,4.000
fallocate,2.210154,4.000,488.000,4.000,4.000,4.000
smartfiles,1.821247,4.000,488.000,4.000,4.000,4.000
unbuffered,3.281681,492.000,488.000,4.000,8.000,4.000
buffered,17.965784,12.000,488.000,4.000,8.000,4.000
fallocate,2.296478,8.000,488.000,4.000,8.000,4.000
smartfiles,2.324854,8.000,488.000,4.000,8.000,4.000
unbuffered,3.153010,580.000,488.000,4.000,96.000,4.000
buffered,17.362783,100.000,488.000,4.000,96.000,4.000
fallocate,2.218891,96.000,488.000,4.000,96.000,4.000
smartfiles,2.694811,96.000,488.000,4.000,96.000,4.000
unbuffered,20.394557,1464.000,488.000,4.000,980.000,4.000
buffered,67.541283,984.000,488.000,4.000,980.000,4.000
fallocate,31.789111,980.000,488.000,4.000,980.000,4.000
smartfiles,45.576563,980.000,488.000,4.000,980.000,4.000
unbuffered,182.168239,10252.000,488.000,4.000,9768.000,4.000
buffered,176.701380,9772.000,488.000,4.000,9768.000,4.000
fallocate,161.748726,9768.000,488.000,4.000,9768.000,4.000
smartfiles,454.724164,9768.000,488.000,4.000,9768.000,4.000
unbuffered,1075.168722,98144.000,488.000,4.000,97660.000,4.000
buffered,196.505644,97664.000,488.000,4.000,97660.000,4.000
fallocate,170.924958,97660.000,488.000,4.000,97660.000,4.000
smartfiles,1488.551915,97660.000,488.000,4.000,97660.000,4.000
unbuffered,6920.977445,977060.000,488.000,4.000,976576.000,4.000
buffered,2622.149350,976580.000,488.000,4.000,976576.000,4.000
fallocate,1743.357163,976576.000,488.000,4.000,976576.000,4.000
smartfiles,31693.872657,976576.000,488.000,4.000,976576.000,4.000
unbuffered,3.473204,488.000,488.000,4.000,4.000,4.000
buffered,22.519428,8.000,488.000,4.000,4.000,4.000
fallocate,1.695847,4.000,488.000,4.000,4.000,4.000
smartfiles,2.134176,4.000,488.000,4.000,4.000,4.000
unbuffered,22.688188,488.000,488.000,4.000,4.000,4.000
buffered,3.630215,8.000,488.000,4.000,4.000,4.000
fallocate,1.969060,4.000,488.000,4.000,4.000,4.000
smartfiles,21.184421,4.000,488.000,4.000,4.000,4.000
unbuffered,3.126996,488.000,488.000,4.000,4.000,4.000
buffered,22.177962,8.000,488.000,4.000,4.000,4.000
fallocate,1.837688,4.000,488.000,4.000,4.000,4.000
smartfiles,2.401405,4.000,488.000,4.000,4.000,4.000
unbuffered,20.256776,492.000,488.000,4.000,8.000,4.000
buffered,2.866850,12.000,488.000,4.000,8.000,4.000
fallocate,1.755484,8.000,488.000,4.000,8.000,4.000
smartfiles,2.529551,8.000,488.000,4.000,8.000,4.000
unbuffered,22.267832,580.000,488.000,4.000,96.000,4.000
buffered,24.984499,100.000,488.000,4.000,96.000,4.000
fallocate,2.265582,96.000,488.000,4.000,96.000,4.000
smartfiles,20.962264,96.000,488.000,4.000,96.000,4.000
unbuffered,44.294512,1464.000,488.000,4.000,980.000,4.000
buffered,44.184273,984.000,488.000,4.000,980.000,4.000
fallocate,24.620812,980.000,488.000,4.000,980.000,4.000
smartfiles,77.295006,980.000,488.000,4.000,980.000,4.000
unbuffered,217.690045,10252.000,488.000,4.000,9768.000,4.000
buffered,215.114807,9772.000,488.000,4.000,9768.000,4.000
fallocate,182.576061,9768.000,488.000,4.000,9768.000,4.000
smartfiles,507.861500,9768.000,488.000,4.000,9768.000,4.000
unbuffered,1654.259182,98144.000,488.000,4.000,97660.000,4.000
buffered,1721.518585,97664.000,488.000,4.000,97660.000,4.000
fallocate,1524.567655,97660.000,488.000,4.000,97660.000,4.000
smartfiles,1479.369287,97660.000,488.000,4.000,97660.000,4.000
unbuffered,3413.552643,977060.000,488.000,4.000,976576.000,4.000
buffered,6312.362192,976580.000,488.000,4.000,976576.000,4.000
fallocate,7398.620015,976576.000,488.000,4.000,976576.000,4.000
smartfiles,25124.309719,976576.000,488.000,4.000,976576.000,4.000
unbuffered,17.555749,484.000,488.000,8.000,4.000,4.000
buffered,15.441099,8.000,488.000,8.000,4.000,4.000
fallocate,1.439777,4.000,488.000,8.000,4.000,4.000
smartfiles,1.762474,4.000,488.000,8.000,4.000,4.000
unbuffered,2.958394,484.000,488.000,8.000,4.000,4.000
buffered,18.068905,8.000,488.000,8.000,4.000,4.000
fallocate,1.757966,4.000,488.000,8.000,4.000,4.000
smartfiles,2.351647,4.000,488.000,8.000,4.000,4.000
unbuffered,17.875199,484.000,488.000,8.000,4.000,4.000
buffered,3.003463,8.000,488.000,8.000,4.000,4.000
fallocate,1.932485,4.000,488.000,8.000,4.000,4.000
smartfiles,16.283838,4.000,488.000,8.000,4.000,4.000
unbuffered,17.006104,488.000,488.000,8.000,8.000,4.000
buffered,17.478357,12.000,488.000,8.000,8.000,4.000
fallocate,1.981161,8.000,488.000,8.000,8.000,4.000
smartfiles,1.978170,8.000,488.000,8.000,8.000,4.000
unbuffered,3.994238,576.000,488.000,8.000,96.000,4.000
buffered,17.267306,100.000,488.000,8.000,96.000,4.000
fallocate,2.002507,96.000,488.000,8.000,96.000,4.000
smartfiles,2.838518,96.000,488.000,8.000,96.000,4.000
unbuffered,20.311619,1460.000,488.000,8.000,980.000,4.000
buffered,21.008184,984.000,488.000,8.000,980.000,4.000
fallocate,20.810305,980.000,488.000,8.000,980.000,4.000
smartfiles,46.437174,980.000,488.000,8.000,980.000,4.000
unbuffered,187.594194,10248.000,488.000,8.000,9768.000,4.000
buffered,178.384947,9772.000,488.000,8.000,9768.000,4.000
fallocate,174.452822,9768.000,488.000,8.000,9768.000,4.000
smartfiles,441.486541,9768.000,488.000,8.000,9768.000,4.000
unbuffered,1843.010060,98140.000,488.000,8.000,97660.000,4.000
buffered,215.485699,97664.000,488.000,8.000,97660.000,4.000
fallocate,181.025059,97660.000,488.000,8.000,97660.000,4.000
smartfiles,1457.145645,97660.000,488.000,8.000,97660.000,4.000
unbuffered,8582.548951,977056.000,488.000,8.000,976576.000,4.000
buffered,2867.909344,976580.000,488.000,8.000,976576.000,4.000
fallocate,11305.112066,976576.000,488.000,8.000,976576.000,4.000
smartfiles,21923.510296,976576.000,488.000,8.000,976576.000,4.000
unbuffered,3.336402,396.000,488.000,96.000,4.000,4.000
buffered,2.539304,8.000,488.000,96.000,4.000,4.000
fallocate,1.957920,4.000,488.000,96.000,4.000,4.000
smartfiles,2.532227,4.000,488.000,96.000,4.000,4.000
unbuffered,17.469105,396.000,488.000,96.000,4.000,4.000
buffered,18.170643,8.000,488.000,96.000,4.000,4.000
fallocate,3.024564,4.000,488.000,96.000,4.000,4.000
smartfiles,2.245853,4.000,488.000,96.000,4.000,4.000
unbuffered,3.143985,396.000,488.000,96.000,4.000,4.000
buffered,3.104798,8.000,488.000,96.000,4.000,4.000
fallocate,1.636869,4.000,488.000,96.000,4.000,4.000
smartfiles,2.390049,4.000,488.000,96.000,4.000,4.000
unbuffered,18.760090,400.000,488.000,96.000,8.000,4.000
buffered,18.448537,12.000,488.000,96.000,8.000,4.000
fallocate,16.708046,8.000,488.000,96.000,8.000,4.000
smartfiles,1.843256,8.000,488.000,96.000,8.000,4.000
unbuffered,3.212388,488.000,488.000,96.000,96.000,4.000
buffered,3.005837,100.000,488.000,96.000,96.000,4.000
fallocate,2.253955,96.000,488.000,96.000,96.000,4.000
smartfiles,3.780110,96.000,488.000,96.000,96.000,4.000
unbuffered,35.852898,1372.000,488.000,96.000,980.000,4.000
buffered,21.716159,984.000,488.000,96.000,980.000,4.000
fallocate,21.205021,980.000,488.000,96.000,980.000,4.000
smartfiles,66.823743,980.000,488.000,96.000,980.000,4.000
unbuffered,198.400027,10160.000,488.000,96.000,9768.000,4.000
buffered,206.694595,9772.000,488.000,96.000,9768.000,4.000
fallocate,196.341260,9768.000,488.000,96.000,9768.000,4.000
smartfiles,560.834445,9768.000,488.000,96.000,9768.000,4.000
unbuffered,1729.531712,98052.000,488.000,96.000,97660.000,4.000
buffered,1668.520791,97664.000,488.000,96.000,97660.000,4.000
fallocate,1742.326146,97660.000,488.000,96.000,97660.000,4.000
smartfiles,2462.852180,97660.000,488.000,96.000,97660.000,4.000
unbuffered,5360.015207,976968.000,488.000,96.000,976576.000,4.000
buffered,4151.641360,976580.000,488.000,96.000,976576.000,4.000
fallocate,9430.266865,976576.000,488.000,96.000,976576.000,4.000
smartfiles,22842.285843,976576.000,488.000,96.000,976576.000,4.000
unbuffered,20.234198,976.000,976.000,4.000,4.000,4.000
buffered,20.226073,8.000,976.000,4.000,4.000,4.000
fallocate,2.805422,4.000,976.000,4.000,4.000,4.000
smartfiles,1.911809,4.000,976.000,4.000,4.000,4.000
unbuffered,22.923033,976.000,976.000,4.000,4.000,4.000
buffered,20.129721,8.000,976.000,4.000,4.000,4.000
fallocate,1.881468,4.000,976.000,4.000,4.000,4.000
smartfiles,1.857580,4.000,976.000,4.000,4.000,4.000
unbuffered,20.557888,976.000,976.000,4.000,4.000,4.000
buffered,23.024550,8.000,976.000,4.000,4.000,4.000
fallocate,2.145422,4.000,976.000,4.000,4.000,4.000
smartfiles,15.878670,4.000,976.000,4.000,4.000,4.000
unbuffered,20.280403,980.000,976.000,4.000,8.000,4.000
buffered,19.992174,12.000,976.000,4.000,8.000,4.000
fallocate,16.619513,8.000,976.000,4.000,8.000,4.000
smartfiles,1.920657,8.000,976.000,4.000,8.000,4.000
unbuffered,19.735682,1068.000,976.000,4.000,96.000,4.000
buffered,19.568086,100.000,976.000,4.000,96.000,4.000
fallocate,2.439085,96.000,976.000,4.000,96.000,4.000
smartfiles,2.825643,96.000,976.000,4.000,96.000,4.000
unbuffered,37.645962,1952.000,976.000,4.000,980.000,4.000
buffered,37.502718,984.000,976.000,4.000,980.000,4.000
fallocate,20.656223,980.000,976.000,4.000,980.000,4.000
smartfiles,47.358999,980.000,976.000,4.000,980.000,4.000
unbuffered,178.790722,10740.000,976.000,4.000,9768.000,4.000
buffered,186.611392,9772.000,976.000,4.000,9768.000,4.000
fallocate,187.817787,9768.000,976.000,4.000,9768.000,4.000
smartfiles,538.766975,9768.000,976.000,4.000,9768.000,4.000
unbuffered,1829.566239,98632.000,976.000,4.000,97660.000,4.000
buffered,1649.427988,97664.000,976.000,4.000,97660.000,4.000
fallocate,1715.246642,97660.000,976.000,4.000,97660.000,4.000
smartfiles,2889.254873,97660.000,976.000,4.000,97660.000,4.000
unbuffered,1743.476875,977548.000,976.000,4.000,976576.000,4.000
buffered,7893.193001,976580.000,976.000,4.000,976576.000,4.000
fallocate,1748.244957,976576.000,976.000,4.000,976576.000,4.000
smartfiles,30036.013196,976576.000,976.000,4.000,976576.000,4.000
unbuffered,30.968109,976.000,976.000,4.000,4.000,4.000
buffered,20.058346,8.000,976.000,4.000,4.000,4.000
fallocate,2.319978,4.000,976.000,4.000,4.000,4.000
smartfiles,2.029746,4.000,976.000,4.000,4.000,4.000
unbuffered,19.210767,976.000,976.000,4.000,4.000,4.000
buffered,20.068911,8.000,976.000,4.000,4.000,4.000
fallocate,18.005542,4.000,976.000,4.000,4.000,4.000
smartfiles,1.716539,4.000,976.000,4.000,4.000,4.000
unbuffered,20.040883,976.000,976.000,4.000,4.000,4.000
buffered,20.240231,8.000,976.000,4.000,4.000,4.000
fallocate,2.457550,4.000,976.000,4.000,4.000,4.000
smartfiles,2.519023,4.000,976.000,4.000,4.000,4.000
unbuffered,20.143815,980.000,976.000,4.000,8.000,4.000
buffered,19.571105,12.000,976.000,4.000,8.000,4.000
fallocate,2.393113,8.000,976.000,4.000,8.000,4.000
smartfiles,16.528007,8.000,976.000,4.000,8.000,4.000
unbuffered,19.667556,1068.000,976.000,4.000,96.000,4.000
buffered,20.082795,100.000,976.000,4.000,96.000,4.000
fallocate,2.721367,96.000,976.000,4.000,96.000,4.000
smartfiles,18.025548,96.000,976.000,4.000,96.000,4.000
unbuffered,39.227682,1952.000,976.000,4.000,980.000,4.000
buffered,36.761062,984.000,976.000,4.000,980.000,4.000
fallocate,20.448174,980.000,976.000,4.000,980.000,4.000
smartfiles,58.192848,980.000,976.000,4.000,980.000,4.000
unbuffered,185.142008,10740.000,976.000,4.000,9768.000,4.000
buffered,189.875455,9772.000,976.000,4.000,9768.000,4.000
fallocate,176.164275,9768.000,976.000,4.000,9768.000,4.000
smartfiles,461.361204,9768.000,976.000,4.000,9768.000,4.000
unbuffered,1806.053928,98632.000,976.000,4.000,97660.000,4.000
buffered,826.250094,97664.000,976.000,4.000,97660.000,4.000
fallocate,204.929319,97660.000,976.000,4.000,97660.000,4.000
smartfiles,3763.806872,97660.000,976.000,4.000,97660.000,4.000
unbuffered,4944.856277,977548.000,976.000,4.000,976576.000,4.000
buffered,6240.613189,976580.000,976.000,4.000,976576.000,4.000
fallocate,8728.254741,976576.000,976.000,4.000,976576.000,4.000
smartfiles,31363.268399,976576.000,976.000,4.000,976576.000,4.000
unbuffered,4.421277,972.000,976.000,8.000,4.000,4.000
buffered,3.997529,8.000,976.000,8.000,4.000,4.000
fallocate,1.334685,4.000,976.000,8.000,4.000,4.000
smartfiles,1.763357,4.000,976.000,8.000,4.000,4.000
unbuffered,4.967856,972.000,976.000,8.000,4.000,4.000
buffered,3.882458,8.000,976.000,8.000,4.000,4.000
fallocate,1.700610,4.000,976.000,8.000,4.000,4.000
smartfiles,2.193172,4.000,976.000,8.000,4.000,4.000
unbuffered,4.438225,972.000,976.000,8.000,4.000,4.000
buffered,4.084590,8.000,976.000,8.000,4.000,4.000
fallocate,1.525937,4.000,976.000,8.000,4.000,4.000
smartfiles,1.542941,4.000,976.000,8.000,4.000,4.000
unbuffered,4.215156,976.000,976.000,8.000,8.000,4.000
buffered,3.788404,12.000,976.000,8.000,8.000,4.000
fallocate,1.609348,8.000,976.000,8.000,8.000,4.000
smartfiles,2.054087,8.000,976.000,8.000,8.000,4.000
unbuffered,4.928109,1064.000,976.000,8.000,96.000,4.000
buffered,3.863556,100.000,976.000,8.000,96.000,4.000
fallocate,1.544070,96.000,976.000,8.000,96.000,4.000
smartfiles,2.931463,96.000,976.000,8.000,96.000,4.000
unbuffered,6.228381,1948.000,976.000,8.000,980.000,4.000
buffered,5.861584,984.000,976.000,8.000,980.000,4.000
fallocate,4.500761,980.000,976.000,8.000,980.000,4.000
smartfiles,14.272532,980.000,976.000,8.000,980.000,4.000
unbuffered,39.841462,10736.000,976.000,8.000,9768.000,4.000
buffered,24.715581,9772.000,976.000,8.000,9768.000,4.000
fallocate,20.128907,9768.000,976.000,8.000,9768.000,4.000
smartfiles,117.365638,9768.000,976.000,8.000,9768.000,4.000
unbuffered,180.391782,98628.000,976.000,8.000,97660.000,4.000
buffered,1142.363993,97664.000,976.000,8.000,97660.000,4.000
fallocate,1677.687994,97660.000,976.000,8.000,97660.000,4.000
smartfiles,5632.431872,97660.000,976.000,8.000,97660.000,4.000
unbuffered,3577.774878,977544.000,976.000,8.000,976576.000,4.000
buffered,9882.474308,976580.000,976.000,8.000,976576.000,4.000
fallocate,10909.627014,976576.000,976.000,8.000,976576.000,4.000
smartfiles,21118.909218,976576.000,976.000,8.000,976576.000,4.000
unbuffered,19.445473,884.000,976.000,96.000,4.000,4.000
buffered,16.632867,8.000,976.000,96.000,4.000,4.000
fallocate,2.902890,4.000,976.000,96.000,4.000,4.000
smartfiles,1.875402,4.000,976.000,96.000,4.000,4.000
unbuffered,19.122539,884.000,976.000,96.000,4.000,4.000
buffered,19.123693,8.000,976.000,96.000,4.000,4.000
fallocate,2.078337,4.000,976.000,96.000,4.000,4.000
smartfiles,1.989221,4.000,976.000,96.000,4.000,4.000
unbuffered,20.213436,884.000,976.000,96.000,4.000,4.000
buffered,17.451808,8.000,976.000,96.000,4.000,4.000
fallocate,2.039918,4.000,976.000,96.000,4.000,4.000
smartfiles,2.192938,4.000,976.000,96.000,4.000,4.000
unbuffered,20.263858,888.000,976.000,96.000,8.000,4.000
buffered,20.423762,12.000,976.000,96.000,8.000,4.000
fallocate,2.179023,8.000,976.000,96.000,8.000,4.000
smartfiles,2.184612,8.000,976.000,96.000,8.000,4.000
unbuffered,19.824732,976.000,976.000,96.000,96.000,4.000
buffered,20.216688,100.000,976.000,96.000,96.000,4.000
fallocate,2.847983,96.000,976.000,96.000,96.000,4.000
smartfiles,16.786257,96.000,976.000,96.000,96.000,4.000
unbuffered,37.182865,1860.000,976.000,96.000,980.000,4.000
buffered,36.556298,984.000,976.000,96.000,980.000,4.000
fallocate,19.307793,980.000,976.000,96.000,980.000,4.000
smartfiles,45.710952,980.000,976.000,96.000,980.000,4.000
unbuffered,166.863344,10648.000,976.000,96.000,9768.000,4.000
buffered,211.622865,9772.000,976.000,96.000,9768.000,4.000
fallocate,168.289469,9768.000,976.000,96.000,9768.000,4.000
smartfiles,459.644552,9768.000,976.000,96.000,9768.000,4.000
unbuffered,1259.458139,98540.000,976.000,96.000,97660.000,4.000
buffered,185.206991,97664.000,976.000,96.000,97660.000,4.000
fallocate,179.516863,97660.000,976.000,96.000,97660.000,4.000
smartfiles,1489.034469,97660.000,976.000,96.000,97660.000,4.000
unbuffered,6667.386116,977456.000,976.000,96.000,976576.000,4.000
buffered,2818.162414,976580.000,976.000,96.000,976576.000,4.000
fallocate,14208.929451,976576.000,976.000,96.000,976576.000,4.000
smartfiles,34467.256934,976576.000,976.000,96.000,976576.000,4.000
unbuffered,81.859193,4880.000,4880.000,4.000,4.000,4.000
buffered,90.027992,8.000,4880.000,4.000,4.000,4.000
fallocate,3.140631,4.000,4880.000,4.000,4.000,4.000
smartfiles,2.373783,4.000,4880.000,4.000,4.000,4.000
unbuffered,74.554721,4880.000,4880.000,4.000,4.000,4.000
buffered,89.613733,8.000,4880.000,4.000,4.000,4.000
fallocate,3.454691,4.000,4880.000,4.000,4.000,4.000
smartfiles,16.980008,4.000,4880.000,4.000,4.000,4.000
unbuffered,89.915418,4880.000,4880.000,4.000,4.000,4.000
buffered,89.679429,8.000,4880.000,4.000,4.000,4.000
fallocate,3.551868,4.000,4880.000,4.000,4.000,4.000
smartfiles,2.412314,4.000,4880.000,4.000,4.000,4.000
unbuffered,82.699863,4884.000,4880.000,4.000,8.000,4.000
buffered,90.461063,12.000,4880.000,4.000,8.000,4.000
fallocate,3.271467,8.000,4880.000,4.000,8.000,4.000
smartfiles,2.714904,8.000,4880.000,4.000,8.000,4.000
unbuffered,113.051653,4972.000,4880.000,4.000,96.000,4.000
buffered,112.464577,100.000,4880.000,4.000,96.000,4.000
fallocate,3.594496,96.000,4880.000,4.000,96.000,4.000
smartfiles,3.654030,96.000,4880.000,4.000,96.000,4.000
unbuffered,132.014378,5856.000,4880.000,4.000,980.000,4.000
buffered,132.944786,984.000,4880.000,4.000,980.000,4.000
fallocate,23.945630,980.000,4880.000,4.000,980.000,4.000
smartfiles,52.799278,980.000,4880.000,4.000,980.000,4.000
unbuffered,249.071852,14644.000,4880.000,4.000,9768.000,4.000
buffered,259.076386,9772.000,4880.000,4.000,9768.000,4.000
fallocate,176.473567,9768.000,4880.000,4.000,9768.000,4.000
smartfiles,483.903457,9768.000,4880.000,4.000,9768.000,4.000
unbuffered,1783.178338,102536.000,4880.000,4.000,97660.000,4.000
buffered,1593.916564,97664.000,4880.000,4.000,97660.000,4.000
fallocate,192.287038,97660.000,4880.000,4.000,97660.000,4.000
smartfiles,1458.101300,97660.000,4880.000,4.000,97660.000,4.000
unbuffered,2182.747119,981452.000,4880.000,4.000,976576.000,4.000
buffered,9228.604399,976580.000,4880.000,4.000,976576.000,4.000
fallocate,13095.098232,976576.000,4880.000,4.000,976576.000,4.000
smartfiles,32180.266659,976576.000,4880.000,4.000,976576.000,4.000
unbuffered,81.182715,4880.000,4880.000,4.000,4.000,4.000
buffered,79.793543,8.000,4880.000,4.000,4.000,4.000
fallocate,2.603208,4.000,4880.000,4.000,4.000,4.000
smartfiles,2.681258,4.000,4880.000,4.000,4.000,4.000
unbuffered,87.685093,4880.000,4880.000,4.000,4.000,4.000
buffered,86.345637,8.000,4880.000,4.000,4.000,4.000
fallocate,2.884857,4.000,4880.000,4.000,4.000,4.000
smartfiles,16.467061,4.000,4880.000,4.000,4.000,4.000
unbuffered,88.818398,4880.000,4880.000,4.000,4.000,4.000
buffered,92.445277,8.000,4880.000,4.000,4.000,4.000
fallocate,3.100595,4.000,4880.000,4.000,4.000,4.000
smartfiles,1.890861,4.000,4880.000,4.000,4.000,4.000
unbuffered,80.918369,4884.000,4880.000,4.000,8.000,4.000
buffered,134.237625,12.000,4880.000,4.000,8.000,4.000
fallocate,3.183968,8.000,4880.000,4.000,8.000,4.000
smartfiles,2.412845,8.000,4880.000,4.000,8.000,4.000
unbuffered,89.583423,4972.000,4880.000,4.000,96.000,4.000
buffered,91.059933,100.000,4880.000,4.000,96.000,4.000
fallocate,3.147193,96.000,4880.000,4.000,96.000,4.000
smartfiles,16.040377,96.000,4880.000,4.000,96.000,4.000
unbuffered,107.012446,5856.000,4880.000,4.000,980.000,4.000
buffered,110.679047,984.000,4880.000,4.000,980.000,4.000
fallocate,23.492824,980.000,4880.000,4.000,980.000,4.000
smartfiles,62.688092,980.000,4880.000,4.000,980.000,4.000
unbuffered,301.503192,14644.000,4880.000,4.000,9768.000,4.000
buffered,320.959535,9772.000,4880.000,4.000,9768.000,4.000
fallocate,216.765313,9768.000,4880.000,4.000,9768.000,4.000
smartfiles,549.435274,9768.000,4880.000,4.000,9768.000,4.000
unbuffered,1712.505356,102536.000,4880.000,4.000,97660.000,4.000
buffered,1807.239776,97664.000,4880.000,4.000,97660.000,4.000
fallocate,1108.603412,97660.000,4880.000,4.000,97660.000,4.000
smartfiles,1621.014292,97660.000,4880.000,4.000,97660.000,4.000
unbuffered,6889.097916,981452.000,4880.000,4.000,976576.000,4.000
buffered,1851.338930,976580.000,4880.000,4.000,976576.000,4.000
fallocate,11589.908253,976576.000,4880.000,4.000,976576.000,4.000
smartfiles,19899.015065,976576.000,4880.000,4.000,976576.000,4.000
unbuffered,11.804254,4876.000,4880.000,8.000,4.000,4.000
buffered,90.262180,8.000,4880.000,8.000,4.000,4.000
fallocate,18.009049,4.000,4880.000,8.000,4.000,4.000
smartfiles,2.129555,4.000,4880.000,8.000,4.000,4.000
unbuffered,82.743891,4876.000,4880.000,8.000,4.000,4.000
buffered,84.569213,8.000,4880.000,8.000,4.000,4.000
fallocate,3.150070,4.000,4880.000,8.000,4.000,4.000
smartfiles,2.438910,4.000,4880.000,8.000,4.000,4.000
unbuffered,88.940310,4876.000,4880.000,8.000,4.000,4.000
buffered,85.908697,8.000,4880.000,8.000,4.000,4.000
fallocate,3.429161,4.000,4880.000,8.000,4.000,4.000
smartfiles,16.771862,4.000,4880.000,8.000,4.000,4.000
unbuffered,86.844603,4880.000,4880.000,8.000,8.000,4.000
buffered,88.077908,12.000,4880.000,8.000,8.000,4.000
fallocate,3.354455,8.000,4880.000,8.000,8.000,4.000
smartfiles,2.359537,8.000,4880.000,8.000,8.000,4.000
unbuffered,98.633317,4968.000,4880.000,8.000,96.000,4.000
buffered,97.556381,100.000,4880.000,8.000,96.000,4.000
fallocate,3.651804,96.000,4880.000,8.000,96.000,4.000
smartfiles,16.596597,96.000,4880.000,8.000,96.000,4.000
unbuffered,107.517251,5852.000,4880.000,8.000,980.000,4.000
buffered,97.963988,984.000,4880.000,8.000,980.000,4.000
fallocate,21.552806,980.000,4880.000,8.000,980.000,4.000
smartfiles,47.179918,980.000,4880.000,8.000,980.000,4.000
unbuffered,268.500797,14640.000,4880.000,8.000,9768.000,4.000
buffered,286.593529,9772.000,4880.000,8.000,9768.000,4.000
fallocate,185.051882,9768.000,4880.000,8.000,9768.000,4.000
smartfiles,585.388420,9768.000,4880.000,8.000,9768.000,4.000
unbuffered,1770.380662,102532.000,4880.000,8.000,97660.000,4.000
buffered,1749.286139,97664.000,4880.000,8.000,97660.000,4.000
fallocate,1823.133869,97660.000,4880.000,8.000,97660.000,4.000
smartfiles,1654.072528,97660.000,4880.000,8.000,97660.000,4.000
unbuffered,35662.215574,981448.000,4880.000,8.000,976576.000,4.000
buffered,9849.393437,976580.000,4880.000,8.000,976576.000,4.000
fallocate,5139.303451,976576.000,4880.000,8.000,976576.000,4.000
smartfiles,32415.927999,976576.000,4880.000,8.000,976576.000,4.000
unbuffered,11.972319,4788.000,4880.000,96.000,4.000,4.000
buffered,10.539121,8.000,4880.000,96.000,4.000,4.000
fallocate,2.467348,4.000,4880.000,96.000,4.000,4.000
smartfiles,2.073269,4.000,4880.000,96.000,4.000,4.000
unbuffered,12.123666,4788.000,4880.000,96.000,4.000,4.000
buffered,10.558843,8.000,4880.000,96.000,4.000,4.000
fallocate,2.569719,4.000,4880.000,96.000,4.000,4.000
smartfiles,1.766209,4.000,4880.000,96.000,4.000,4.000
unbuffered,11.706383,4788.000,4880.000,96.000,4.000,4.000
buffered,10.475317,8.000,4880.000,96.000,4.000,4.000
fallocate,2.425433,4.000,4880.000,96.000,4.000,4.000
smartfiles,1.800325,4.000,4880.000,96.000,4.000,4.000
unbuffered,94.489847,4792.000,4880.000,96.000,8.000,4.000
buffered,93.824876,12.000,4880.000,96.000,8.000,4.000
fallocate,3.035125,8.000,4880.000,96.000,8.000,4.000
smartfiles,2.531148,8.000,4880.000,96.000,8.000,4.000
unbuffered,84.378269,4880.000,4880.000,96.000,96.000,4.000
buffered,81.770497,100.000,4880.000,96.000,96.000,4.000
fallocate,3.651108,96.000,4880.000,96.000,96.000,4.000
smartfiles,16.413988,96.000,4880.000,96.000,96.000,4.000
unbuffered,106.673223,5764.000,4880.000,96.000,980.000,4.000
buffered,105.968129,984.000,4880.000,96.000,980.000,4.000
fallocate,21.916577,980.000,4880.000,96.000,980.000,4.000
smartfiles,47.469322,980.000,4880.000,96.000,980.000,4.000
unbuffered,261.780833,14552.000,4880.000,96.000,9768.000,4.000
buffered,248.547754,9772.000,4880.000,96.000,9768.000,4.000
fallocate,177.694996,9768.000,4880.000,96.000,9768.000,4.000
smartfiles,527.385171,9768.000,4880.000,96.000,9768.000,4.000
unbuffered,2118.563475,102444.000,4880.000,96.000,97660.000,4.000
buffered,1758.711573,97664.000,4880.000,96.000,97660.000,4.000
fallocate,1663.584243,97660.000,4880.000,96.000,97660.000,4.000
smartfiles,3697.850241,97660.000,4880.000,96.000,97660.000,4.000
unbuffered,1779.759693,981360.000,4880.000,96.000,976576.000,4.000
buffered,11272.564965,976580.000,4880.000,96.000,976576.000,4.000
fallocate,11431.049773,976576.000,4880.000,96.000,976576.000,4.000
smartfiles,20331.166400,976576.000,4880.000,96.000,976576.000,4.000
unbuffered,114.440693,3904.000,4880.000,980.000,4.000,4.000
buffered,90.208611,8.000,4880.000,980.000,4.000,4.000
fallocate,2.801683,4.000,4880.000,980.000,4.000,4.000
smartfiles,2.438570,4.000,4880.000,980.000,4.000,4.000
unbuffered,75.668973,3904.000,4880.000,980.000,4.000,4.000
buffered,74.880858,8.000,4880.000,980.000,4.000,4.000
fallocate,21.057976,4.000,4880.000,980.000,4.000,4.000
smartfiles,2.344167,4.000,4880.000,980.000,4.000,4.000
unbuffered,80.446189,3904.000,4880.000,980.000,4.000,4.000
buffered,76.078841,8.000,4880.000,980.000,4.000,4.000
fallocate,2.641903,4.000,4880.000,980.000,4.000,4.000
smartfiles,2.321014,4.000,4880.000,980.000,4.000,4.000
unbuffered,71.102324,3908.000,4880.000,980.000,8.000,4.000
buffered,75.461975,12.000,4880.000,980.000,8.000,4.000
fallocate,18.018477,8.000,4880.000,980.000,8.000,4.000
smartfiles,2.683035,8.000,4880.000,980.000,8.000,4.000
unbuffered,78.106670,3996.000,4880.000,980.000,96.000,4.000
buffered,78.306279,100.000,4880.000,980.000,96.000,4.000
fallocate,19.572839,96.000,4880.000,980.000,96.000,4.000
smartfiles,3.588342,96.000,4880.000,980.000,96.000,4.000
unbuffered,96.440165,4880.000,4880.000,980.000,980.000,4.000
buffered,93.734698,984.000,4880.000,980.000,980.000,4.000
fallocate,23.705808,980.000,4880.000,980.000,980.000,4.000
smartfiles,65.210487,980.000,4880.000,980.000,980.000,4.000
unbuffered,265.160430,13668.000,4880.000,980.000,9768.000,4.000
buffered,249.551025,9772.000,4880.000,980.000,9768.000,4.000
fallocate,189.269691,9768.000,4880.000,980.000,9768.000,4.000
smartfiles,586.025988,9768.000,4880.000,980.000,9768.000,4.000
unbuffered,216.714079,101560.000,4880.000,980.000,97660.000,4.000
buffered,195.596227,97664.000,4880.000,980.000,97660.000,4.000
fallocate,206.702334,97660.000,4880.000,980.000,97660.000,4.000
smartfiles,3412.331855,97660.000,4880.000,980.000,97660.000,4.000
unbuffered,6052.171657,980476.000,4880.000,980.000,976576.000,4.000
buffered,3285.710906,976580.000,4880.000,980.000,976576.000,4.000
fallocate,11989.272502,976576.000,4880.000,980.000,976576.000,4.000
smartfiles,35407.974925,976576.000,4880.000,980.000,976576.000,4.000
unbuffered,608.644905,9764.000,9764.000,4.000,4.000,4.000
buffered,612.906259,8.000,9764.000,4.000,4.000,4.000
fallocate,5.090320,4.000,9764.000,4.000,4.000,4.000
smartfiles,20.098443,4.000,9764.000,4.000,4.000,4.000
unbuffered,1326.585151,9764.000,9764.000,4.000,4.000,4.000
buffered,1437.396379,8.000,9764.000,4.000,4.000,4.000
fallocate,34.409477,4.000,9764.000,4.000,4.000,4.000
smartfiles,3.119937,4.000,9764.000,4.000,4.000,4.000
unbuffered,25.580922,9764.000,9764.000,4.000,4.000,4.000
buffered,21.020355,8.000,9764.000,4.000,4.000,4.000
fallocate,3.495815,4.000,9764.000,4.000,4.000,4.000
smartfiles,2.585915,4.000,9764.000,4.000,4.000,4.000
unbuffered,22.502589,9768.000,9764.000,4.000,8.000,4.000
buffered,22.344320,12.000,9764.000,4.000,8.000,4.000
fallocate,3.969182,8.000,9764.000,4.000,8.000,4.000
smartfiles,1.958394,8.000,9764.000,4.000,8.000,4.000
unbuffered,22.894745,9856.000,9764.000,4.000,96.000,4.000
buffered,19.923733,100.000,9764.000,4.000,96.000,4.000
fallocate,3.820444,96.000,9764.000,4.000,96.000,4.000
smartfiles,2.708340,96.000,9764.000,4.000,96.000,4.000
unbuffered,24.776505,10740.000,9764.000,4.000,980.000,4.000
buffered,22.482181,984.000,9764.000,4.000,980.000,4.000
fallocate,6.590071,980.000,9764.000,4.000,980.000,4.000
smartfiles,14.800842,980.000,9764.000,4.000,980.000,4.000
unbuffered,46.431708,19528.000,9764.000,4.000,9768.000,4.000
buffered,39.698058,9772.000,9764.000,4.000,9768.000,4.000
fallocate,23.860515,9768.000,9764.000,4.000,9768.000,4.000
smartfiles,135.961285,9768.000,9764.000,4.000,9768.000,4.000
unbuffered,226.983716,107420.000,9764.000,4.000,97660.000,4.000
buffered,225.802527,97664.000,9764.000,4.000,97660.000,4.000
fallocate,199.934537,97660.000,9764.000,4.000,97660.000,4.000
smartfiles,1571.282084,97660.000,9764.000,4.000,97660.000,4.000
unbuffered,6902.364982,986336.000,9764.000,4.000,976576.000,4.000
buffered,4951.788814,976580.000,9764.000,4.000,976576.000,4.000
fallocate,10520.311941,976576.000,9764.000,4.000,976576.000,4.000
smartfiles,21056.632640,976576.000,9764.000,4.000,976576.000,4.000
unbuffered,189.090661,9764.000,9764.000,4.000,4.000,4.000
buffered,179.260597,8.000,9764.000,4.000,4.000,4.000
fallocate,4.619293,4.000,9764.000,4.000,4.000,4.000
smartfiles,2.480017,4.000,9764.000,4.000,4.000,4.000
unbuffered,172.733834,9764.000,9764.000,4.000,4.000,4.000
buffered,190.676993,8.000,9764.000,4.000,4.000,4.000
fallocate,4.745367,4.000,9764.000,4.000,4.000,4.000
smartfiles,17.811346,4.000,9764.000,4.000,4.000,4.000
unbuffered,190.736072,9764.000,9764.000,4.000,4.000,4.000
buffered,175.822057,8.000,9764.000,4.000,4.000,4.000
fallocate,4.143008,4.000,9764.000,4.000,4.000,4.000
smartfiles,3.210827,4.000,9764.000,4.000,4.000,4.000
unbuffered,208.985881,9768.000,9764.000,4.000,8.000,4.000
buffered,216.506937,12.000,9764.000,4.000,8.000,4.000
fallocate,4.419121,8.000,9764.000,4.000,8.000,4.000
smartfiles,2.437853,8.000,9764.000,4.000,8.000,4.000
unbuffered,42.062756,9856.000,9764.000,4.000,96.000,4.000
buffered,23.254166,100.000,9764.000,4.000,96.000,4.000
fallocate,5.033945,96.000,9764.000,4.000,96.000,4.000
smartfiles,3.285034,96.000,9764.000,4.000,96.000,4.000
unbuffered,24.019716,10740.000,9764.000,4.000,980.000,4.000
buffered,22.896734,984.000,9764.000,4.000,980.000,4.000
fallocate,6.795449,980.000,9764.000,4.000,980.000,4.000
smartfiles,16.389529,980.000,9764.000,4.000,980.000,4.000
unbuffered,42.173519,19528.000,9764.000,4.000,9768.000,4.000
buffered,41.604234,9772.000,9764.000,4.000,9768.000,4.000
fallocate,23.001678,9768.000,9764.000,4.000,9768.000,4.000
smartfiles,145.148349,9768.000,9764.000,4.000,9768.000,4.000
unbuffered,232.505793,107420.000,9764.000,4.000,97660.000,4.000
buffered,211.618224,97664.000,9764.000,4.000,97660.000,4.000
fallocate,198.409155,97660.000,9764.000,4.000,97660.000,4.000
smartfiles,1568.677970,97660.000,9764.000,4.000,97660.000,4.000
unbuffered,8246.678947,986336.000,9764.000,4.000,976576.000,4.000
buffered,7400.246216,976580.000,9764.000,4.000,976576.000,4.000
fallocate,8215.967445,976576.000,9764.000,4.000,976576.000,4.000
smartfiles,18294.750042,976576.000,9764.000,4.000,976576.000,4.000
unbuffered,187.716963,9760.000,9764.000,8.000,4.000,4.000
buffered,207.147927,8.000,9764.000,8.000,4.000,4.000
fallocate,4.760292,4.000,9764.000,8.000,4.000,4.000
smartfiles,2.443646,4.000,9764.000,8.000,4.000,4.000
unbuffered,214.057664,9760.000,9764.000,8.000,4.000,4.000
buffered,210.635850,8.000,9764.000,8.000,4.000,4.000
fallocate,21.588580,4.000,9764.000,8.000,4.000,4.000
smartfiles,2.859734,4.000,9764.000,8.000,4.000,4.000
unbuffered,253.147489,9760.000,9764.000,8.000,4.000,4.000
buffered,186.360789,8.000,9764.000,8.000,4.000,4.000
fallocate,4.651255,4.000,9764.000,8.000,4.000,4.000
smartfiles,19.701641,4.000,9764.000,8.000,4.000,4.000
unbuffered,165.003942,9764.000,9764.000,8.000,8.000,4.000
buffered,183.276110,12.000,9764.000,8.000,8.000,4.000
fallocate,4.611429,8.000,9764.000,8.000,8.000,4.000
smartfiles,2.523684,8.000,9764.000,8.000,8.000,4.000
unbuffered,187.912819,9852.000,9764.000,8.000,96.000,4.000
buffered,186.999640,100.000,9764.000,8.000,96.000,4.000
fallocate,6.193392,96.000,9764.000,8.000,96.000,4.000
smartfiles,17.262262,96.000,9764.000,8.000,96.000,4.000
unbuffered,208.547786,10736.000,9764.000,8.000,980.000,4.000
buffered,216.451410,984.000,9764.000,8.000,980.000,4.000
fallocate,25.984005,980.000,9764.000,8.000,980.000,4.000
smartfiles,73.243408,980.000,9764.000,8.000,980.000,4.000
unbuffered,44.972291,19524.000,9764.000,8.000,9768.000,4.000
buffered,39.500350,9772.000,9764.000,8.000,9768.000,4.000
fallocate,24.873122,9768.000,9764.000,8.000,9768.000,4.000
smartfiles,140.268760,9768.000,9764.000,8.000,9768.000,4.000
unbuffered,231.052942,107416.000,9764.000,8.000,97660.000,4.000
buffered,197.906617,97664.000,9764.000,8.000,97660.000,4.000
fallocate,202.175367,97660.000,9764.000,8.000,97660.000,4.000
smartfiles,1584.659385,97660.000,9764.000,8.000,97660.000,4.000
unbuffered,9132.253549,986332.000,9764.000,8.000,976576.000,4.000
buffered,3346.514508,976580.000,9764.000,8.000,976576.000,4.000
fallocate,11808.183934,976576.000,9764.000,8.000,976576.000,4.000
smartfiles,18798.843996,976576.000,9764.000,8.000,976576.000,4.000
unbuffered,23.338335,9672.000,9764.000,96.000,4.000,4.000
buffered,20.567674,8.000,9764.000,96.000,4.000,4.000
fallocate,3.745528,4.000,9764.000,96.000,4.000,4.000
smartfiles,17.332322,4.000,9764.000,96.000,4.000,4.000
unbuffered,21.543182,9672.000,9764.000,96.000,4.000,4.000
buffered,20.085606,8.000,9764.000,96.000,4.000,4.000
fallocate,3.571339,4.000,9764.000,96.000,4.000,4.000
smartfiles,2.395311,4.000,9764.000,96.000,4.000,4.000
unbuffered,23.152910,9672.000,9764.000,96.000,4.000,4.000
buffered,20.253656,8.000,9764.000,96.000,4.000,4.000
fallocate,3.604690,4.000,9764.000,96.000,4.000,4.000
smartfiles,2.292226,4.000,9764.000,96.000,4.000,4.000
unbuffered,38.243324,9676.000,9764.000,96.000,8.000,4.000
buffered,20.059958,12.000,9764.000,96.000,8.000,4.000
fallocate,3.148393,8.000,9764.000,96.000,8.000,4.000
smartfiles,2.050055,8.000,9764.000,96.000,8.000,4.000
unbuffered,21.835603,9764.000,9764.000,96.000,96.000,4.000
buffered,20.507706,100.000,9764.000,96.000,96.000,4.000
fallocate,4.079493,96.000,9764.000,96.000,96.000,4.000
smartfiles,2.765737,96.000,9764.000,96.000,96.000,4.000
unbuffered,25.218469,10648.000,9764.000,96.000,980.000,4.000
buffered,22.540820,984.000,9764.000,96.000,980.000,4.000
fallocate,7.540620,980.000,9764.000,96.000,980.000,4.000
smartfiles,14.535802,980.000,9764.000,96.000,980.000,4.000
unbuffered,46.151103,19436.000,9764.000,96.000,9768.000,4.000
buffered,39.808557,9772.000,9764.000,96.000,9768.000,4.000
fallocate,23.791701,9768.000,9764.000,96.000,9768.000,4.000
smartfiles,142.912217,9768.000,9764.000,96.000,9768.000,4.000
unbuffered,203.181898,107328.000,9764.000,96.000,97660.000,4.000
buffered,220.757542,97664.000,9764.000,96.000,97660.000,4.000
fallocate,192.738720,97660.000,9764.000,96.000,97660.000,4.000
smartfiles,1584.608047,97660.000,9764.000,96.000,97660.000,4.000
unbuffered,6366.918411,986244.000,9764.000,96.000,976576.000,4.000
buffered,8167.910884,976580.000,9764.000,96.000,976576.000,4.000
fallocate,7243.525703,976576.000,9764.000,96.000,976576.000,4.000
smartfiles,18201.155210,976576.000,9764.000,96.000,976576.000,4.000
unbuffered,153.604648,8788.000,9764.000,980.000,4.000,4.000
buffered,153.821080,8.000,9764.000,980.000,4.000,4.000
fallocate,3.739498,4.000,9764.000,980.000,4.000,4.000
smartfiles,2.136985,4.000,9764.000,980.000,4.000,4.000
unbuffered,164.395479,8788.000,9764.000,980.000,4.000,4.000
buffered,167.450288,8.000,9764.000,980.000,4.000,4.000
fallocate,3.515253,4.000,9764.000,980.000,4.000,4.000
smartfiles,1.949254,4.000,9764.000,980.000,4.000,4.000
unbuffered,202.556425,8788.000,9764.000,980.000,4.000,4.000
buffered,169.707642,8.000,9764.000,980.000,4.000,4.000
fallocate,4.351060,4.000,9764.000,980.000,4.000,4.000
smartfiles,2.548694,4.000,9764.000,980.000,4.000,4.000
unbuffered,171.785906,8792.000,9764.000,980.000,8.000,4.000
buffered,188.203114,12.000,9764.000,980.000,8.000,4.000
fallocate,4.487035,8.000,9764.000,980.000,8.000,4.000
smartfiles,26.021575,8.000,9764.000,980.000,8.000,4.000
unbuffered,199.185776,8880.000,9764.000,980.000,96.000,4.000
buffered,199.433268,100.000,9764.000,980.000,96.000,4.000
fallocate,18.321668,96.000,9764.000,980.000,96.000,4.000
smartfiles,4.020317,96.000,9764.000,980.000,96.000,4.000
unbuffered,189.574466,9764.000,9764.000,980.000,980.000,4.000
buffered,179.390700,984.000,9764.000,980.000,980.000,4.000
fallocate,23.528346,980.000,9764.000,980.000,980.000,4.000
smartfiles,49.217208,980.000,9764.000,980.000,980.000,4.000
unbuffered,351.026779,18552.000,9764.000,980.000,9768.000,4.000
buffered,339.218063,9772.000,9764.000,980.000,9768.000,4.000
fallocate,231.092294,9768.000,9764.000,980.000,9768.000,4.000
smartfiles,513.865760,9768.000,9764.000,980.000,9768.000,4.000
unbuffered,771.090092,106444.000,9764.000,980.000,97660.000,4.000
buffered,229.139193,97664.000,9764.000,980.000,97660.000,4.000
fallocate,238.838968,97660.000,9764.000,980.000,97660.000,4.000
smartfiles,1532.408860,97660.000,9764.000,980.000,97660.000,4.000
unbuffered,6071.941863,985360.000,9764.000,980.000,976576.000,4.000
buffered,4683.166985,976580.000,9764.000,980.000,976576.000,4.000
fallocate,1853.779133,976576.000,9764.000,980.000,976576.000,4.000
smartfiles,30587.782616,976576.000,9764.000,980.000,976576.000,4.000
unbuffered,1791.239143,97656.000,97656.000,4.000,4.000,4.000
buffered,1670.010507,8.000,97656.000,4.000,4.000,4.000
fallocate,39.926697,4.000,97656.000,4.000,4.000,4.000
smartfiles,2.843804,4.000,97656.000,4.000,4.000,4.000
unbuffered,202.076855,97656.000,97656.000,4.000,4.000,4.000
buffered,1607.101659,8.000,97656.000,4.000,4.000,4.000
fallocate,27.885500,4.000,97656.000,4.000,4.000,4.000
smartfiles,17.004734,4.000,97656.000,4.000,4.000,4.000
unbuffered,645.263190,97656.000,97656.000,4.000,4.000,4.000
buffered,194.482214,8.000,97656.000,4.000,4.000,4.000
fallocate,20.404541,4.000,97656.000,4.000,4.000,4.000
smartfiles,2.077887,4.000,97656.000,4.000,4.000,4.000
unbuffered,216.234776,97660.000,97656.000,4.000,8.000,4.000
buffered,180.910617,12.000,97656.000,4.000,8.000,4.000
fallocate,21.909237,8.000,97656.000,4.000,8.000,4.000
smartfiles,2.116657,8.000,97656.000,4.000,8.000,4.000
unbuffered,1724.619655,97748.000,97656.000,4.000,96.000,4.000
buffered,2076.443035,100.000,97656.000,4.000,96.000,4.000
fallocate,22.428302,96.000,97656.000,4.000,96.000,4.000
smartfiles,3.327577,96.000,97656.000,4.000,96.000,4.000
unbuffered,7625.367471,98632.000,97656.000,4.000,980.000,4.000
buffered,230.870084,984.000,97656.000,4.000,980.000,4.000
fallocate,25.620818,980.000,97656.000,4.000,980.000,4.000
smartfiles,16.135130,980.000,97656.000,4.000,980.000,4.000
unbuffered,242.077010,107420.000,97656.000,4.000,9768.000,4.000
buffered,221.461811,9772.000,97656.000,4.000,9768.000,4.000
fallocate,42.374910,9768.000,97656.000,4.000,9768.000,4.000
smartfiles,164.922074,9768.000,97656.000,4.000,9768.000,4.000
unbuffered,3748.856539,195312.000,97656.000,4.000,97660.000,4.000
buffered,3671.143292,97664.000,97656.000,4.000,97660.000,4.000
fallocate,274.555297,97660.000,97656.000,4.000,97660.000,4.000
smartfiles,1592.004569,97660.000,97656.000,4.000,97660.000,4.000
unbuffered,1967.632545,1074228.000,97656.000,4.000,976576.000,4.000
buffered,7717.653730,976580.000,97656.000,4.000,976576.000,4.000
fallocate,1860.611348,976576.000,97656.000,4.000,976576.000,4.000
smartfiles,18635.215143,976576.000,97656.000,4.000,976576.000,4.000
unbuffered,212.780888,97656.000,97656.000,4.000,4.000,4.000
buffered,184.077474,8.000,97656.000,4.000,4.000,4.000
fallocate,21.664470,4.000,97656.000,4.000,4.000,4.000
smartfiles,2.901877,4.000,97656.000,4.000,4.000,4.000
unbuffered,1400.841660,97656.000,97656.000,4.000,4.000,4.000
buffered,2053.591460,8.000,97656.000,4.000,4.000,4.000
fallocate,22.080775,4.000,97656.000,4.000,4.000,4.000
smartfiles,1.957624,4.000,97656.000,4.000,4.000,4.000
unbuffered,204.643106,97656.000,97656.000,4.000,4.000,4.000
buffered,172.730255,8.000,97656.000,4.000,4.000,4.000
fallocate,21.700806,4.000,97656.000,4.000,4.000,4.000
smartfiles,2.018473,4.000,97656.000,4.000,4.000,4.000
unbuffered,1822.823847,97660.000,97656.000,4.000,8.000,4.000
buffered,2029.845262,12.000,97656.000,4.000,8.000,4.000
fallocate,25.871001,8.000,97656.000,4.000,8.000,4.000
smartfiles,2.612175,8.000,97656.000,4.000,8.000,4.000
unbuffered,219.243657,97748.000,97656.000,4.000,96.000,4.000
buffered,231.741811,100.000,97656.000,4.000,96.000,4.000
fallocate,22.217043,96.000,97656.000,4.000,96.000,4.000
smartfiles,17.102308,96.000,97656.000,4.000,96.000,4.000
unbuffered,1831.228926,98632.000,97656.000,4.000,980.000,4.000
buffered,1785.156174,984.000,97656.000,4.000,980.000,4.000
fallocate,24.119061,980.000,97656.000,4.000,980.000,4.000
smartfiles,15.950118,980.000,97656.000,4.000,980.000,4.000
unbuffered,226.832559,107420.000,97656.000,4.000,9768.000,4.000
buffered,204.215794,9772.000,97656.000,4.000,9768.000,4.000
fallocate,39.581986,9768.000,97656.000,4.000,9768.000,4.000
smartfiles,135.084430,9768.000,97656.000,4.000,9768.000,4.000
unbuffered,3416.821170,195312.000,97656.000,4.000,97660.000,4.000
buffered,3432.903480,97664.000,97656.000,4.000,97660.000,4.000
fallocate,403.212795,97660.000,97656.000,4.000,97660.000,4.000
smartfiles,1567.352282,97660.000,97656.000,4.000,97660.000,4.000
unbuffered,1929.312936,1074228.000,97656.000,4.000,976576.000,4.000
buffered,8570.835801,976580.000,97656.000,4.000,976576.000,4.000
fallocate,1879.973339,976576.000,97656.000,4.000,976576.000,4.000
smartfiles,19395.051871,976576.000,97656.000,4.000,976576.000,4.000
unbuffered,9109.561354,97652.000,97656.000,8.000,4.000,4.000
buffered,200.120709,8.000,97656.000,8.000,4.000,4.000
fallocate,24.132413,4.000,97656.000,8.000,4.000,4.000
smartfiles,2.170685,4.000,97656.000,8.000,4.000,4.000
unbuffered,204.877830,97652.000,97656.000,8.000,4.000,4.000
buffered,182.527136,8.000,97656.000,8.000,4.000,4.000
fallocate,23.248771,4.000,97656.000,8.000,4.000,4.000
smartfiles,2.365024,4.000,97656.000,8.000,4.000,4.000
unbuffered,1825.411374,97652.000,97656.000,8.000,4.000,4.000
buffered,1987.497380,8.000,97656.000,8.000,4.000,4.000
fallocate,31.342397,4.000,97656.000,8.000,4.000,4.000
smartfiles,2.070630,4.000,97656.000,8.000,4.000,4.000
unbuffered,239.024179,97656.000,97656.000,8.000,8.000,4.000
buffered,198.028373,12.000,97656.000,8.000,8.000,4.000
fallocate,22.435224,8.000,97656.000,8.000,8.000,4.000
smartfiles,20.172433,8.000,97656.000,8.000,8.000,4.000
unbuffered,1790.514100,97744.000,97656.000,8.000,96.000,4.000
buffered,1965.565403,100.000,97656.000,8.000,96.000,4.000
fallocate,23.255548,96.000,97656.000,8.000,96.000,4.000
smartfiles,3.071253,96.000,97656.000,8.000,96.000,4.000
unbuffered,206.810348,98628.000,97656.000,8.000,980.000,4.000
buffered,195.121197,984.000,97656.000,8.000,980.000,4.000
fallocate,26.915151,980.000,97656.000,8.000,980.000,4.000
smartfiles,15.524001,980.000,97656.000,8.000,980.000,4.000
unbuffered,648.440571,107416.000,97656.000,8.000,9768.000,4.000
buffered,1909.762997,9772.000,97656.000,8.000,9768.000,4.000
fallocate,196.956089,9768.000,97656.000,8.000,9768.000,4.000
smartfiles,529.752228,9768.000,97656.000,8.000,9768.000,4.000
unbuffered,407.582242,195308.000,97656.000,8.000,97660.000,4.000
buffered,398.826789,97664.000,97656.000,8.000,97660.000,4.000
fallocate,208.057402,97660.000,97656.000,8.000,97660.000,4.000
smartfiles,1639.148907,97660.000,97656.000,8.000,97660.000,4.000
unbuffered,6421.143635,1074224.000,97656.000,8.000,976576.000,4.000
buffered,2079.209595,976580.000,97656.000,8.000,976576.000,4.000
fallocate,1904.676079,976576.000,97656.000,8.000,976576.000,4.000
smartfiles,35270.676031,976576.000,97656.000,8.000,976576.000,4.000
unbuffered,1649.330088,97564.000,97656.000,96.000,4.000,4.000
buffered,1821.535932,8.000,97656.000,96.000,4.000,4.000
fallocate,22.084585,4.000,97656.000,96.000,4.000,4.000
smartfiles,17.603996,4.000,97656.000,96.000,4.000,4.000
unbuffered,1897.519673,97564.000,97656.000,96.000,4.000,4.000
buffered,1654.309147,8.000,97656.000,96.000,4.000,4.000
fallocate,21.220968,4.000,97656.000,96.000,4.000,4.000
smartfiles,1.722835,4.000,97656.000,96.000,4.000,4.000
unbuffered,224.833423,97564.000,97656.000,96.000,4.000,4.000
buffered,199.012460,8.000,97656.000,96.000,4.000,4.000
fallocate,22.707606,4.000,97656.000,96.000,4.000,4.000
smartfiles,2.251624,4.000,97656.000,96.000,4.000,4.000
unbuffered,1877.832857,97568.000,97656.000,96.000,8.000,4.000
buffered,1843.764668,12.000,97656.000,96.000,8.000,4.000
fallocate,23.565372,8.000,97656.000,96.000,8.000,4.000
smartfiles,3.022372,8.000,97656.000,96.000,8.000,4.000
unbuffered,1878.496725,97656.000,97656.000,96.000,96.000,4.000
buffered,1835.142243,100.000,97656.000,96.000,96.000,4.000
fallocate,22.413198,96.000,97656.000,96.000,96.000,4.000
smartfiles,3.058142,96.000,97656.000,96.000,96.000,4.000
unbuffered,5690.825735,98540.000,97656.000,96.000,980.000,4.000
buffered,6869.861388,984.000,97656.000,96.000,980.000,4.000
fallocate,216.561931,980.000,97656.000,96.000,980.000,4.000
smartfiles,16.892153,980.000,97656.000,96.000,980.000,4.000
unbuffered,253.134325,107328.000,97656.000,96.000,9768.000,4.000
buffered,232.589748,9772.000,97656.000,96.000,9768.000,4.000
fallocate,41.831222,9768.000,97656.000,96.000,9768.000,4.000
smartfiles,146.685962,9768.000,97656.000,96.000,9768.000,4.000
unbuffered,398.885373,195220.000,97656.000,96.000,97660.000,4.000
buffered,377.118635,97664.000,97656.000,96.000,97660.000,4.000
fallocate,197.886926,97660.000,97656.000,96.000,97660.000,4.000
smartfiles,1557.931339,97660.000,97656.000,96.000,97660.000,4.000
unbuffered,6220.113315,1074136.000,97656.000,96.000,976576.000,4.000
buffered,1979.165094,976580.000,97656.000,96.000,976576.000,4.000
fallocate,1855.074258,976576.000,97656.000,96.000,976576.000,4.000
smartfiles,30226.499232,976576.000,97656.000,96.000,976576.000,4.000
unbuffered,210.708884,96680.000,97656.000,980.000,4.000,4.000
buffered,1418.344631,8.000,97656.000,980.000,4.000,4.000
fallocate,26.749566,4.000,97656.000,980.000,4.000,4.000
smartfiles,2.532377,4.000,97656.000,980.000,4.000,4.000
unbuffered,876.958702,96680.000,97656.000,980.000,4.000,4.000
buffered,183.937639,8.000,97656.000,980.000,4.000,4.000
fallocate,22.637759,4.000,97656.000,980.000,4.000,4.000
smartfiles,1.975702,4.000,97656.000,980.000,4.000,4.000
unbuffered,203.509867,96680.000,97656.000,980.000,4.000,4.000
buffered,166.218385,8.000,97656.000,980.000,4.000,4.000
fallocate,23.619287,4.000,97656.000,980.000,4.000,4.000
smartfiles,2.131892,4.000,97656.000,980.000,4.000,4.000
unbuffered,1848.703685,96684.000,97656.000,980.000,8.000,4.000
buffered,267.181770,12.000,97656.000,980.000,8.000,4.000
fallocate,23.119909,8.000,97656.000,980.000,8.000,4.000
smartfiles,2.076895,8.000,97656.000,980.000,8.000,4.000
unbuffered,202.139175,96772.000,97656.000,980.000,96.000,4.000
buffered,182.576162,100.000,97656.000,980.000,96.000,4.000
fallocate,23.106740,96.000,97656.000,980.000,96.000,4.000
smartfiles,18.881454,96.000,97656.000,980.000,96.000,4.000
unbuffered,2168.613884,97656.000,97656.000,980.000,980.000,4.000
buffered,1781.539009,984.000,97656.000,980.000,980.000,4.000
fallocate,129.756536,980.000,97656.000,980.000,980.000,4.000
smartfiles,16.040588,980.000,97656.000,980.000,980.000,4.000
unbuffered,231.142794,106444.000,97656.000,980.000,9768.000,4.000
buffered,229.563152,9772.000,97656.000,980.000,9768.000,4.000
fallocate,42.462152,9768.000,97656.000,980.000,9768.000,4.000
smartfiles,247.682684,9768.000,97656.000,980.000,9768.000,4.000
unbuffered,3933.354729,194336.000,97656.000,980.000,97660.000,4.000
buffered,2859.272967,97664.000,97656.000,980.000,97660.000,4.000
fallocate,240.383266,97660.000,97656.000,980.000,97660.000,4.000
smartfiles,1621.380841,97660.000,97656.000,980.000,97660.000,4.000
unbuffered,2010.341808,1073252.000,97656.000,980.000,976576.000,4.000
buffered,6935.578613,976580.000,97656.000,980.000,976576.000,4.000
fallocate,1946.481451,976576.000,97656.000,980.000,976576.000,4.000
smartfiles,31252.955663,976576.000,97656.000,980.000,976576.000,4.000
unbuffered,1570.293564,87892.000,97656.000,9768.000,4.000,4.000
buffered,1517.416826,8.000,97656.000,9768.000,4.000,4.000
fallocate,24.333681,4.000,97656.000,9768.000,4.000,4.000
smartfiles,1.855011,4.000,97656.000,9768.000,4.000,4.000
unbuffered,206.715879,87892.000,97656.000,9768.000,4.000,4.000
buffered,1246.956411,8.000,97656.000,9768.000,4.000,4.000
fallocate,25.143533,4.000,97656.000,9768.000,4.000,4.000
smartfiles,2.564779,4.000,97656.000,9768.000,4.000,4.000
unbuffered,1648.913998,87892.000,97656.000,9768.000,4.000,4.000
buffered,5892.025398,8.000,97656.000,9768.000,4.000,4.000
fallocate,25.313899,4.000,97656.000,9768.000,4.000,4.000
smartfiles,2.401413,4.000,97656.000,9768.000,4.000,4.000
unbuffered,194.545810,87896.000,97656.000,9768.000,8.000,4.000
buffered,156.976483,12.000,97656.000,9768.000,8.000,4.000
fallocate,20.357525,8.000,97656.000,9768.000,8.000,4.000
smartfiles,1.774955,8.000,97656.000,9768.000,8.000,4.000
unbuffered,170.757225,87984.000,97656.000,9768.000,96.000,4.000
buffered,156.952769,100.000,97656.000,9768.000,96.000,4.000
fallocate,23.676018,96.000,97656.000,9768.000,96.000,4.000
smartfiles,4.079892,96.000,97656.000,9768.000,96.000,4.000
unbuffered,1616.641024,88868.000,97656.000,9768.000,980.000,4.000
buffered,164.882180,984.000,97656.000,9768.000,980.000,4.000
fallocate,22.199730,980.000,97656.000,9768.000,980.000,4.000
smartfiles,15.132860,980.000,97656.000,9768.000,980.000,4.000
unbuffered,205.223383,97656.000,97656.000,9768.000,9768.000,4.000
buffered,201.268822,9772.000,97656.000,9768.000,9768.000,4.000
fallocate,38.892602,9768.000,97656.000,9768.000,9768.000,4.000
smartfiles,542.093101,9768.000,97656.000,9768.000,9768.000,4.000
unbuffered,3506.568622,185548.000,97656.000,9768.000,97660.000,4.000
buffered,415.468519,97664.000,97656.000,9768.000,97660.000,4.000
fallocate,311.257247,97660.000,97656.000,9768.000,97660.000,4.000
smartfiles,1666.189940,97660.000,97656.000,9768.000,97660.000,4.000
unbuffered,2099.585676,1064464.000,97656.000,9768.000,976576.000,4.000
buffered,2022.564375,976580.000,97656.000,9768.000,976576.000,4.000
fallocate,7427.487424,976576.000,97656.000,9768.000,976576.000,4.000
smartfiles,18680.544967,976576.000,97656.000,9768.000,976576.000,4.000
unbuffered,7033.380838,976560.000,976560.000,4.000,4.000,4.000
buffered,1768.539436,8.000,976560.000,4.000,4.000,4.000
fallocate,200.802045,4.000,976560.000,4.000,4.000,4.000
smartfiles,2.917504,4.000,976560.000,4.000,4.000,4.000
unbuffered,28655.517303,976560.000,976560.000,4.000,4.000,4.000
buffered,1781.627715,8.000,976560.000,4.000,4.000,4.000
fallocate,205.987048,4.000,976560.000,4.000,4.000,4.000
smartfiles,4.548392,4.000,976560.000,4.000,4.000,4.000
unbuffered,5180.299001,976560.000,976560.000,4.000,4.000,4.000
buffered,1755.407674,8.000,976560.000,4.000,4.000,4.000
fallocate,202.268552,4.000,976560.000,4.000,4.000,4.000
smartfiles,3.132778,4.000,976560.000,4.000,4.000,4.000
unbuffered,28404.168560,976564.000,976560.000,4.000,8.000,4.000
buffered,1776.076767,12.000,976560.000,4.000,8.000,4.000
fallocate,209.531993,8.000,976560.000,4.000,8.000,4.000
smartfiles,2.195155,8.000,976560.000,4.000,8.000,4.000
unbuffered,2033.311584,976652.000,976560.000,4.000,96.000,4.000
buffered,11305.830682,100.000,976560.000,4.000,96.000,4.000
fallocate,207.684659,96.000,976560.000,4.000,96.000,4.000
smartfiles,4.883584,96.000,976560.000,4.000,96.000,4.000
unbuffered,2022.610163,977536.000,976560.000,4.000,980.000,4.000
buffered,10244.626306,984.000,976560.000,4.000,980.000,4.000
fallocate,211.043610,980.000,976560.000,4.000,980.000,4.000
smartfiles,21.642645,980.000,976560.000,4.000,980.000,4.000
unbuffered,1925.052302,986324.000,976560.000,4.000,9768.000,4.000
buffered,6153.662167,9772.000,976560.000,4.000,9768.000,4.000
fallocate,222.385113,9768.000,976560.000,4.000,9768.000,4.000
smartfiles,203.105330,9768.000,976560.000,4.000,9768.000,4.000
unbuffered,2176.378868,1074216.000,976560.000,4.000,97660.000,4.000
buffered,3333.473167,97664.000,976560.000,4.000,97660.000,4.000
fallocate,400.569180,97660.000,976560.000,4.000,97660.000,4.000
smartfiles,2126.545151,97660.000,976560.000,4.000,97660.000,4.000
unbuffered,5847.951474,1953132.000,976560.000,4.000,976576.000,4.000
buffered,22216.555065,976580.000,976560.000,4.000,976576.000,4.000
fallocate,13121.383941,976576.000,976560.000,4.000,976576.000,4.000
smartfiles,52060.286101,976576.000,976560.000,4.000,976576.000,4.000
unbuffered,12527.633741,976560.000,976560.000,4.000,4.000,4.000
buffered,13492.349977,8.000,976560.000,4.000,4.000,4.000
fallocate,205.820393,4.000,976560.000,4.000,4.000,4.000
smartfiles,2.910614,4.000,976560.000,4.000,4.000,4.000
unbuffered,2038.818069,976560.000,976560.000,4.000,4.000,4.000
buffered,10173.188000,8.000,976560.000,4.000,4.000,4.000
fallocate,204.429205,4.000,976560.000,4.000,4.000,4.000
smartfiles,2.491044,4.000,976560.000,4.000,4.000,4.000
unbuffered,1893.877946,976560.000,976560.000,4.000,4.000,4.000
buffered,27969.590536,8.000,976560.000,4.000,4.000,4.000
fallocate,205.196483,4.000,976560.000,4.000,4.000,4.000
smartfiles,2.506938,4.000,976560.000,4.000,4.000,4.000
unbuffered,7557.846190,976564.000,976560.000,4.000,8.000,4.000
buffered,8442.289312,12.000,976560.000,4.000,8.000,4.000
fallocate,215.526185,8.000,976560.000,4.000,8.000,4.000
smartfiles,2.228136,8.000,976560.000,4.000,8.000,4.000
unbuffered,1999.285372,976652.000,976560.000,4.000,96.000,4.000
buffered,10986.862435,100.000,976560.000,4.000,96.000,4.000
fallocate,198.446852,96.000,976560.000,4.000,96.000,4.000
smartfiles,4.645697,96.000,976560.000,4.000,96.000,4.000
unbuffered,8040.992025,977536.000,976560.000,4.000,980.000,4.000
buffered,1837.303058,984.000,976560.000,4.000,980.000,4.000
fallocate,245.228213,980.000,976560.000,4.000,980.000,4.000
smartfiles,56.269742,980.000,976560.000,4.000,980.000,4.000
unbuffered,28495.758847,986324.000,976560.000,4.000,9768.000,4.000
buffered,1855.190073,9772.000,976560.000,4.000,9768.000,4.000
fallocate,225.663178,9768.000,976560.000,4.000,9768.000,4.000
smartfiles,200.903491,9768.000,976560.000,4.000,9768.000,4.000
unbuffered,2151.665984,1074216.000,976560.000,4.000,97660.000,4.000
buffered,28147.267134,97664.000,976560.000,4.000,97660.000,4.000
fallocate,399.169898,97660.000,976560.000,4.000,97660.000,4.000
smartfiles,2042.875948,97660.000,976560.000,4.000,97660.000,4.000
unbuffered,15762.601212,1953132.000,976560.000,4.000,976576.000,4.000
buffered,14274.427868,976580.000,976560.000,4.000,976576.000,4.000
fallocate,2027.351823,976576.000,976560.000,4.000,976576.000,4.000
smartfiles,93159.240308,976576.000,976560.000,4.000,976576.000,4.000
unbuffered,9195.101591,976556.000,976560.000,8.000,4.000,4.000
buffered,4512.603887,8.000,976560.000,8.000,4.000,4.000
fallocate,194.575710,4.000,976560.000,8.000,4.000,4.000
smartfiles,3.036766,4.000,976560.000,8.000,4.000,4.000
unbuffered,1986.172492,976556.000,976560.000,8.000,4.000,4.000
buffered,1771.681458,8.000,976560.000,8.000,4.000,4.000
fallocate,215.016406,4.000,976560.000,8.000,4.000,4.000
smartfiles,2.148436,4.000,976560.000,8.000,4.000,4.000
unbuffered,2002.127649,976556.000,976560.000,8.000,4.000,4.000
buffered,12594.386143,8.000,976560.000,8.000,4.000,4.000
fallocate,207.829716,4.000,976560.000,8.000,4.000,4.000
smartfiles,14.826791,4.000,976560.000,8.000,4.000,4.000
unbuffered,8121.498610,976560.000,976560.000,8.000,8.000,4.000
buffered,1779.486786,12.000,976560.000,8.000,8.000,4.000
fallocate,201.192389,8.000,976560.000,8.000,8.000,4.000
smartfiles,13231.435253,8.000,976560.000,8.000,8.000,4.000
unbuffered,2003.429141,976648.000,976560.000,8.000,96.000,4.000
buffered,7192.252889,100.000,976560.000,8.000,96.000,4.000
fallocate,206.140250,96.000,976560.000,8.000,96.000,4.000
smartfiles,27501.055064,96.000,976560.000,8.000,96.000,4.000
unbuffered,1982.977462,977532.000,976560.000,8.000,980.000,4.000
buffered,9884.668111,984.000,976560.000,8.000,980.000,4.000
fallocate,209.487369,980.000,976560.000,8.000,980.000,4.000
smartfiles,72.177541,980.000,976560.000,8.000,980.000,4.000
unbuffered,28014.053649,986320.000,976560.000,8.000,9768.000,4.000
buffered,1858.049013,9772.000,976560.000,8.000,9768.000,4.000
fallocate,398.941363,9768.000,976560.000,8.000,9768.000,4.000
smartfiles,202.627298,9768.000,976560.000,8.000,9768.000,4.000
unbuffered,28031.311202,1074212.000,976560.000,8.000,97660.000,4.000
buffered,2020.718860,97664.000,976560.000,8.000,97660.000,4.000
fallocate,375.123750,97660.000,976560.000,8.000,97660.000,4.000
smartfiles,15661.928131,97660.000,976560.000,8.000,97660.000,4.000
unbuffered,42519.430957,1953128.000,976560.000,8.000,976576.000,4.000
buffered,3316.327624,976580.000,976560.000,8.000,976576.000,4.000
fallocate,2862.415164,976576.000,976560.000,8.000,976576.000,4.000
smartfiles,113344.300374,976576.000,976560.000,8.000,976576.000,4.000
unbuffered,27895.520816,976468.000,976560.000,96.000,4.000,4.000
buffered,1767.578896,8.000,976560.000,96.000,4.000,4.000
fallocate,222.724031,4.000,976560.000,96.000,4.000,4.000
smartfiles,2.558201,4.000,976560.000,96.000,4.000,4.000
unbuffered,2031.700688,976468.000,976560.000,96.000,4.000,4.000
buffered,4268.388561,8.000,976560.000,96.000,4.000,4.000
fallocate,203.778478,4.000,976560.000,96.000,4.000,4.000
smartfiles,2.454447,4.000,976560.000,96.000,4.000,4.000
unbuffered,1988.963814,976468.000,976560.000,96.000,4.000,4.000
buffered,12557.683207,8.000,976560.000,96.000,4.000,4.000
fallocate,201.557408,4.000,976560.000,96.000,4.000,4.000
smartfiles,2.455773,4.000,976560.000,96.000,4.000,4.000
unbuffered,12971.905849,976472.000,976560.000,96.000,8.000,4.000
buffered,1765.415506,12.000,976560.000,96.000,8.000,4.000
fallocate,221.160645,8.000,976560.000,96.000,8.000,4.000
smartfiles,2.495412,8.000,976560.000,96.000,8.000,4.000
unbuffered,2025.007824,976560.000,976560.000,96.000,96.000,4.000
buffered,12660.431887,100.000,976560.000,96.000,96.000,4.000
fallocate,208.333589,96.000,976560.000,96.000,96.000,4.000
smartfiles,4.001803,96.000,976560.000,96.000,96.000,4.000
unbuffered,2006.657991,977444.000,976560.000,96.000,980.000,4.000
buffered,12394.748528,984.000,976560.000,96.000,980.000,4.000
fallocate,266.294579,980.000,976560.000,96.000,980.000,4.000
smartfiles,22.963250,980.000,976560.000,96.000,980.000,4.000
unbuffered,2031.125917,986232.000,976560.000,96.000,9768.000,4.000
buffered,4873.725640,9772.000,976560.000,96.000,9768.000,4.000
fallocate,221.033426,9768.000,976560.000,96.000,9768.000,4.000
smartfiles,206.207751,9768.000,976560.000,96.000,9768.000,4.000
unbuffered,27678.540717,1074124.000,976560.000,96.000,97660.000,4.000
buffered,5496.090706,97664.000,976560.000,96.000,97660.000,4.000
fallocate,391.766636,97660.000,976560.000,96.000,97660.000,4.000
smartfiles,6209.412256,97660.000,976560.000,96.000,97660.000,4.000
unbuffered,15458.585906,1953040.000,976560.000,96.000,976576.000,4.000
buffered,11853.323943,976580.000,976560.000,96.000,976576.000,4.000
fallocate,27976.867117,976576.000,976560.000,96.000,976576.000,4.000
smartfiles,95366.906621,976576.000,976560.000,96.000,976576.000,4.000
unbuffered,2006.952496,975584.000,976560.000,980.000,4.000,4.000
buffered,28189.347628,8.000,976560.000,980.000,4.000,4.000
fallocate,204.706982,4.000,976560.000,980.000,4.000,4.000
smartfiles,2.396625,4.000,976560.000,980.000,4.000,4.000
unbuffered,1993.156231,975584.000,976560.000,980.000,4.000,4.000
buffered,10019.617622,8.000,976560.000,980.000,4.000,4.000
fallocate,205.449594,4.000,976560.000,980.000,4.000,4.000
smartfiles,2.322227,4.000,976560.000,980.000,4.000,4.000
unbuffered,2025.506356,975584.000,976560.000,980.000,4.000,4.000
buffered,3007.755189,8.000,976560.000,980.000,4.000,4.000
fallocate,216.048315,4.000,976560.000,980.000,4.000,4.000
smartfiles,2.790120,4.000,976560.000,980.000,4.000,4.000
unbuffered,27788.833339,975588.000,976560.000,980.000,8.000,4.000
buffered,1753.407220,12.000,976560.000,980.000,8.000,4.000
fallocate,203.895590,8.000,976560.000,980.000,8.000,4.000
smartfiles,1541.289870,8.000,976560.000,980.000,8.000,4.000
unbuffered,14584.446084,975676.000,976560.000,980.000,96.000,4.000
buffered,27840.109947,100.000,976560.000,980.000,96.000,4.000
fallocate,196.168972,96.000,976560.000,980.000,96.000,4.000
smartfiles,4.646191,96.000,976560.000,980.000,96.000,4.000
unbuffered,6768.115852,976560.000,976560.000,980.000,980.000,4.000
buffered,14432.702397,984.000,976560.000,980.000,980.000,4.000
fallocate,219.920946,980.000,976560.000,980.000,980.000,4.000
smartfiles,23.051803,980.000,976560.000,980.000,980.000,4.000
unbuffered,6021.752653,985348.000,976560.000,980.000,9768.000,4.000
buffered,7249.466889,9772.000,976560.000,980.000,9768.000,4.000
fallocate,226.411823,9768.000,976560.000,980.000,9768.000,4.000
smartfiles,219.436267,9768.000,976560.000,980.000,9768.000,4.000
unbuffered,2245.312708,1073240.000,976560.000,980.000,97660.000,4.000
buffered,28162.432662,97664.000,976560.000,980.000,97660.000,4.000
fallocate,392.207085,97660.000,976560.000,980.000,97660.000,4.000
smartfiles,2093.616517,97660.000,976560.000,980.000,97660.000,4.000
unbuffered,15483.967278,1952156.000,976560.000,980.000,976576.000,4.000
buffered,29209.369484,976580.000,976560.000,980.000,976576.000,4.000
fallocate,10438.156189,976576.000,976560.000,980.000,976576.000,4.000
smartfiles,80730.911357,976576.000,976560.000,980.000,976576.000,4.000
unbuffered,7847.061868,966796.000,976560.000,9768.000,4.000,4.000
buffered,1784.367658,8.000,976560.000,9768.000,4.000,4.000
fallocate,222.877681,4.000,976560.000,9768.000,4.000,4.000
smartfiles,2.284932,4.000,976560.000,9768.000,4.000,4.000
unbuffered,41359.378519,966796.000,976560.000,9768.000,4.000,4.000
buffered,1736.610046,8.000,976560.000,9768.000,4.000,4.000
fallocate,215.702338,4.000,976560.000,9768.000,4.000,4.000
smartfiles,2.493409,4.000,976560.000,9768.000,4.000,4.000
unbuffered,12076.282447,966796.000,976560.000,9768.000,4.000,4.000
buffered,2678.987464,8.000,976560.000,9768.000,4.000,4.000
fallocate,214.344217,4.000,976560.000,9768.000,4.000,4.000
smartfiles,2.603225,4.000,976560.000,9768.000,4.000,4.000
unbuffered,8663.742936,966800.000,976560.000,9768.000,8.000,4.000
buffered,1754.225832,12.000,976560.000,9768.000,8.000,4.000
fallocate,232.369769,8.000,976560.000,9768.000,8.000,4.000
smartfiles,2.807434,8.000,976560.000,9768.000,8.000,4.000
unbuffered,3872.048614,966888.000,976560.000,9768.000,96.000,4.000
buffered,5715.538532,100.000,976560.000,9768.000,96.000,4.000
fallocate,206.419497,96.000,976560.000,9768.000,96.000,4.000
smartfiles,5.061657,96.000,976560.000,9768.000,96.000,4.000
unbuffered,1981.167907,967772.000,976560.000,9768.000,980.000,4.000
buffered,4580.272819,984.000,976560.000,9768.000,980.000,4.000
fallocate,217.429631,980.000,976560.000,9768.000,980.000,4.000
smartfiles,23.097806,980.000,976560.000,9768.000,980.000,4.000
unbuffered,13943.445910,976560.000,976560.000,9768.000,9768.000,4.000
buffered,13732.243053,9772.000,976560.000,9768.000,9768.000,4.000
fallocate,220.462904,9768.000,976560.000,9768.000,9768.000,4.000
smartfiles,588.168720,9768.000,976560.000,9768.000,9768.000,4.000
unbuffered,13097.792700,1064452.000,976560.000,9768.000,97660.000,4.000
buffered,14510.631480,97664.000,976560.000,9768.000,97660.000,4.000
fallocate,391.950224,97660.000,976560.000,9768.000,97660.000,4.000
smartfiles,6302.391355,97660.000,976560.000,9768.000,97660.000,4.000
unbuffered,8277.184963,1943368.000,976560.000,9768.000,976576.000,4.000
buffered,19728.493811,976580.000,976560.000,9768.000,976576.000,4.000
fallocate,11243.887244,976576.000,976560.000,9768.000,976576.000,4.000
smartfiles,85718.560767,976576.000,976560.000,9768.000,976576.000,4.000
unbuffered,9731.131412,878904.000,976560.000,97660.000,4.000,4.000
buffered,12105.862750,8.000,976560.000,97660.000,4.000,4.000
fallocate,203.907575,4.000,976560.000,97660.000,4.000,4.000
smartfiles,2.820772,4.000,976560.000,97660.000,4.000,4.000
unbuffered,9355.198908,878904.000,976560.000,97660.000,4.000,4.000
buffered,6031.314530,8.000,976560.000,97660.000,4.000,4.000
fallocate,192.375508,4.000,976560.000,97660.000,4.000,4.000
smartfiles,2.522170,4.000,976560.000,97660.000,4.000,4.000
unbuffered,1824.433653,878904.000,976560.000,97660.000,4.000,4.000
buffered,27808.566880,8.000,976560.000,97660.000,4.000,4.000
fallocate,190.262430,4.000,976560.000,97660.000,4.000,4.000
smartfiles,2.121583,4.000,976560.000,97660.000,4.000,4.000
unbuffered,7750.025695,878908.000,976560.000,97660.000,8.000,4.000
buffered,11759.648267,12.000,976560.000,97660.000,8.000,4.000
fallocate,198.767338,8.000,976560.000,97660.000,8.000,4.000
smartfiles,2.637504,8.000,976560.000,97660.000,8.000,4.000
unbuffered,8351.803440,878996.000,976560.000,97660.000,96.000,4.000
buffered,1840.390178,100.000,976560.000,97660.000,96.000,4.000
fallocate,176.123236,96.000,976560.000,97660.000,96.000,4.000
smartfiles,3.742477,96.000,976560.000,97660.000,96.000,4.000
unbuffered,11234.460440,879880.000,976560.000,97660.000,980.000,4.000
buffered,13154.551417,984.000,976560.000,97660.000,980.000,4.000
fallocate,185.926777,980.000,976560.000,97660.000,980.000,4.000
smartfiles,23.335026,980.000,976560.000,97660.000,980.000,4.000
unbuffered,1817.922421,888668.000,976560.000,97660.000,9768.000,4.000
buffered,2480.610202,9772.000,976560.000,97660.000,9768.000,4.000
fallocate,196.533567,9768.000,976560.000,97660.000,9768.000,4.000
smartfiles,206.112275,9768.000,976560.000,97660.000,9768.000,4.000
unbuffered,1985.961448,976560.000,976560.000,97660.000,97660.000,4.000
buffered,12159.436705,97664.000,976560.000,97660.000,97660.000,4.000
fallocate,6977.429149,97660.000,976560.000,97660.000,97660.000,4.000
smartfiles,6577.519286,97660.000,976560.000,97660.000,97660.000,4.000
unbuffered,15345.438941,1855476.000,976560.000,97660.000,976576.000,4.000
buffered,28807.765206,976580.000,976560.000,97660.000,976576.000,4.000
fallocate,11448.561489,976576.000,976560.000,97660.000,976576.000,4.000
smartfiles,80385.966129,976576.000,976560.000,97660.000,976576.000,4.000
buffered,292953.291333,12.000,16777216.000,4.000,4.000,8.000
fallocate,2461.105078,4.000,16777216.000,4.000,4.000,8.000
smartfiles,1.902839,4.000,16777216.000,4.000,4.000,8.000
buffered,300770.337902,12.000,16777216.000,64.000,4.000,8.000
fallocate,2350.658348,4.000,16777216.000,64.000,4.000,8.000
smartfiles,2.450295,4.000,16777216.000,64.000,4.000,8.000
buffered,383674.057211,12.000,16777216.000,1024.000,4.000,8.000
fallocate,2356.735085,4.000,16777216.000,1024.000,4.000,8.000
smartfiles,1.999709,4.000,16777216.000,1024.000,4.000,8.000
buffered,316208.449096,72.000,16777216.000,4.000,64.000,8.000
fallocate,2379.068709,64.000,16777216.000,4.000,64.000,8.000
smartfiles,29.132305,64.000,16777216.000,4.000,64.000,8.000
buffered,299568.787911,72.000,16777216.000,64.000,64.000,8.000
fallocate,2472.942248,64.000,16777216.000,64.000,64.000,8.000
smartfiles,19.154046,64.000,16777216.000,64.000,64.000,8.000
buffered,285740.587899,72.000,16777216.000,1024.000,64.000,8.000
fallocate,2517.110509,64.000,16777216.000,1024.000,64.000,8.000
smartfiles,2.636402,64.000,16777216.000,1024.000,64.000,8.000
buffered,294851.134880,1032.000,16777216.000,4.000,1024.000,8.000
fallocate,2429.154416,1024.000,16777216.000,4.000,1024.000,8.000
smartfiles,83.966005,1024.000,16777216.000,4.000,1024.000,8.000
buffered,299312.457364,1032.000,16777216.000,64.000,1024.000,8.000
fallocate,2357.730577,1024.000,16777216.000,64.000,1024.000,8.000
smartfiles,79.017939,1024.000,16777216.000,64.000,1024.000,8.000
buffered,308423.351902,1032.000,16777216.000,1024.000,1024.000,8.000
fallocate,2339.950866,1024.000,16777216.000,1024.000,1024.000,8.000
smartfiles,50.149926,1024.000,16777216.000,1024.000,1024.000,8.000
buffered,15458.087435,12.000,1048576.000,4.000,4.000,8.000
fallocate,203.983257,4.000,1048576.000,4.000,4.000,8.000
smartfiles,3.136503,4.000,1048576.000,4.000,4.000,8.000
buffered,27696.167167,12.000,1048576.000,64.000,4.000,8.000
fallocate,199.095223,4.000,1048576.000,64.000,4.000,8.000
smartfiles,2.282684,4.000,1048576.000,64.000,4.000,8.000
buffered,27951.738907,12.000,1048576.000,1024.000,4.000,8.000
fallocate,207.390100,4.000,1048576.000,1024.000,4.000,8.000
smartfiles,2.840205,4.000,1048576.000,1024.000,4.000,8.000
buffered,12586.768019,72.000,1048576.000,4.000,64.000,8.000
fallocate,202.281032,64.000,1048576.000,4.000,64.000,8.000
smartfiles,4.393061,64.000,1048576.000,4.000,64.000,8.000
buffered,14344.100812,72.000,1048576.000,64.000,64.000,8.000
fallocate,189.124488,64.000,1048576.000,64.000,64.000,8.000
smartfiles,3.709193,64.000,1048576.000,64.000,64.000,8.000
buffered,5833.101698,72.000,1048576.000,1024.000,64.000,8.000
fallocate,195.266284,64.000,1048576.000,1024.000,64.000,8.000
smartfiles,1677.683788,64.000,1048576.000,1024.000,64.000,8.000
buffered,1860.984584,1032.000,1048576.000,4.000,1024.000,8.000
fallocate,201.808963,1024.000,1048576.000,4.000,1024.000,8.000
smartfiles,68.355307,1024.000,1048576.000,4.000,1024.000,8.000
buffered,11017.308825,1032.000,1048576.000,64.000,1024.000,8.000
fallocate,257.388340,1024.000,1048576.000,64.000,1024.000,8.000
smartfiles,65.144096,1024.000,1048576.000,64.000,1024.000,8.000
buffered,1987.467617,1032.000,1048576.000,1024.000,1024.000,8.000
fallocate,195.355001,1024.000,1048576.000,1024.000,1024.000,8.000
smartfiles,84.326832,1024.000,1048576.000,1024.000,1024.000,8.000
buffered,122.194580,12.000,65536.000,4.000,4.000,8.000
fallocate,14.748115,4.000,65536.000,4.000,4.000,8.000
smartfiles,2.150615,4.000,65536.000,4.000,4.000,8.000
buffered,1064.608561,12.000,65536.000,64.000,4.000,8.000
fallocate,19.308700,4.000,65536.000,64.000,4.000,8.000
smartfiles,21.370368,4.000,65536.000,64.000,4.000,8.000
buffered,1119.607741,12.000,65536.000,1024.000,4.000,8.000
fallocate,17.705193,4.000,65536.000,1024.000,4.000,8.000
smartfiles,2.108699,4.000,65536.000,1024.000,4.000,8.000
buffered,209.427013,72.000,65536.000,4.000,64.000,8.000
fallocate,15.513478,64.000,65536.000,4.000,64.000,8.000
smartfiles,3.478180,64.000,65536.000,4.000,64.000,8.000
buffered,432.749243,72.000,65536.000,64.000,64.000,8.000
fallocate,16.569937,64.000,65536.000,64.000,64.000,8.000
smartfiles,4.269818,64.000,65536.000,64.000,64.000,8.000
buffered,1395.067411,72.000,65536.000,1024.000,64.000,8.000
fallocate,17.110606,64.000,65536.000,1024.000,64.000,8.000
smartfiles,19.963050,64.000,65536.000,1024.000,64.000,8.000
buffered,188.725088,1032.000,65536.000,4.000,1024.000,8.000
fallocate,17.847570,1024.000,65536.000,4.000,1024.000,8.000
smartfiles,23.350475,1024.000,65536.000,4.000,1024.000,8.000
buffered,183.240632,1032.000,65536.000,64.000,1024.000,8.000
fallocate,18.730565,1024.000,65536.000,64.000,1024.000,8.000
smartfiles,22.509483,1024.000,65536.000,64.000,1024.000,8.000
buffered,191.762255,1032.000,65536.000,1024.000,1024.000,8.000
fallocate,17.610405,1024.000,65536.000,1024.000,1024.000,8.000
smartfiles,21.149229,1024.000,65536.000,1024.000,1024.000,8.000
buffered,30.051294,12.000,4096.000,4.000,4.000,8.000
fallocate,2.728289,4.000,4096.000,4.000,4.000,8.000
smartfiles,1.945921,4.000,4096.000,4.000,4.000,8.000
buffered,8.893712,12.000,4096.000,64.000,4.000,8.000
fallocate,2.500192,4.000,4096.000,64.000,4.000,8.000
smartfiles,1.637843,4.000,4096.000,64.000,4.000,8.000
buffered,7.904128,12.000,4096.000,1024.000,4.000,8.000
fallocate,2.036937,4.000,4096.000,1024.000,4.000,8.000
smartfiles,1.690924,4.000,4096.000,1024.000,4.000,8.000
buffered,9.827318,72.000,4096.000,4.000,64.000,8.000
fallocate,2.373331,64.000,4096.000,4.000,64.000,8.000
smartfiles,2.272416,64.000,4096.000,4.000,64.000,8.000
buffered,9.528890,72.000,4096.000,64.000,64.000,8.000
fallocate,2.223598,64.000,4096.000,64.000,64.000,8.000
smartfiles,2.323553,64.000,4096.000,64.000,64.000,8.000
buffered,7.864656,72.000,4096.000,1024.000,64.000,8.000
fallocate,2.573220,64.000,4096.000,1024.000,64.000,8.000
smartfiles,2.602623,64.000,4096.000,1024.000,64.000,8.000
buffered,12.534844,1032.000,4096.000,4.000,1024.000,8.000
fallocate,5.465728,1024.000,4096.000,4.000,1024.000,8.000
smartfiles,14.687691,1024.000,4096.000,4.000,1024.000,8.000
buffered,13.337546,1032.000,4096.000,64.000,1024.000,8.000
fallocate,5.053008,1024.000,4096.000,64.000,1024.000,8.000
smartfiles,15.160033,1024.000,4096.000,64.000,1024.000,8.000
buffered,10.679470,1032.000,4096.000,1024.000,1024.000,8.000
fallocate,4.835515,1024.000,4096.000,1024.000,1024.000,8.000
smartfiles,14.216046,1024.000,4096.000,1024.000,1024.000,8.000
buffered,2.041872,12.000,256.000,4.000,4.000,8.000
fallocate,1.207970,4.000,256.000,4.000,4.000,8.000
smartfiles,1.700914,4.000,256.000,4.000,4.000,8.000
buffered,1.757480,12.000,256.000,64.000,4.000,8.000
fallocate,1.171780,4.000,256.000,64.000,4.000,8.000
smartfiles,1.405329,4.000,256.000,64.000,4.000,8.000
buffered,2.183944,72.000,256.000,4.000,64.000,8.000
fallocate,1.658462,64.000,256.000,4.000,64.000,8.000
smartfiles,2.254495,64.000,256.000,4.000,64.000,8.000
buffered,1.944058,72.000,256.000,64.000,64.000,8.000
fallocate,1.446030,64.000,256.000,64.000,64.000,8.000
smartfiles,1.847813,64.000,256.000,64.000,64.000,8.000
buffered,4.689143,1032.000,256.000,4.000,1024.000,8.000
fallocate,5.081437,1024.000,256.000,4.000,1024.000,8.000
smartfiles,12.944355,1024.000,256.000,4.000,1024.000,8.000
buffered,4.920767,1032.000,256.000,64.000,1024.000,8.000
fallocate,4.127794,1024.000,256.000,64.000,1024.000,8.000
smartfiles,12.505139,1024.000,256.000,64.000,1024.000,8.000
buffered,1.176440,12.000,16.000,4.000,4.000,8.000
fallocate,1.010507,4.000,16.000,4.000,4.000,8.000
smartfiles,1.376987,4.000,16.000,4.000,4.000,8.000
buffered,2.080699,72.000,16.000,4.000,64.000,8.000
fallocate,1.466279,64.000,16.000,4.000,64.000,8.000
smartfiles,2.502504,64.000,16.000,4.000,64.000,8.000
buffered,4.460938,1032.000,16.000,4.000,1024.000,8.000
fallocate,4.767585,1024.000,16.000,4.000,1024.000,8.000
smartfiles,13.795398,1024.000,16.000,4.000,1024.000,8.000
